company_name,valuation,country,industry,ipo_status,data_source,estimated_ipo_score,readiness_tier
OpenAI,$157B,USA,AI,Private Unicorn,Curated (Verified),80,IPO-Ready (12-18mo)
Anthropic,$60B,USA,AI,Private Unicorn,Curated (Verified),80,IPO-Ready (12-18mo)
xAI,$50B,USA,AI,Private Unicorn,Curated (Verified),80,IPO-Ready (12-18mo)
Databricks,$62B,USA,Data/AI,Private Unicorn,Curated (Verified),80,IPO-Ready (12-18mo)
Scale AI,$14B,USA,AI,Private Unicorn,Curated (Verified),75,Near-Term (18-24mo)
Hugging Face,$4.5B,USA,AI,Private Unicorn,Curated (Verified),65,Near-Term (18-24mo)
Perplexity AI,$9B,USA,AI,Private Unicorn,Curated (Verified),70,Near-Term (18-24mo)
Groq,$2.8B,USA,AI Hardware,Private Unicorn,Curated (Verified),65,Near-Term (18-24mo)
Mistral AI,$6B,FRA,AI,Private Unicorn,Curated (Verified),70,Near-Term (18-24mo)
Stripe,$65B,USA,Fintech,Private Unicorn,Curated (Verified),75,Near-Term (18-24mo)
Revolut,$45B,UK,Fintech,Private Unicorn,Curated (Verified),70,Near-Term (18-24mo)
Klarna,$14.6B,SWE,Fintech,Private Unicorn,Curated (Verified),70,Near-Term (18-24mo)
Plaid,$13.4B,USA,Fintech,Private Unicorn,Curated (Verified),70,Near-Term (18-24mo)
Chime,$25B,USA,Fintech,Private Unicorn,Curated (Verified),70,Near-Term (18-24mo)
SpaceX,$350B,USA,Space,Private Unicorn,Curated (Verified),80,IPO-Ready (12-18mo)
Anduril,$14B,USA,Defense Tech,Private Unicorn,Curated (Verified),75,Near-Term (18-24mo)
Shield AI,$2.8B,USA,Defense Tech,Private Unicorn,Curated (Verified),65,Near-Term (18-24mo)
Relativity Space,$4.2B,USA,Space,Private Unicorn,Curated (Verified),65,Near-Term (18-24mo)
Canva,$26B,AUS,SaaS,Private Unicorn,Curated (Verified),70,Near-Term (18-24mo)
Figma,$12.5B,USA,Design,Private Unicorn,Curated (Verified),70,Near-Term (18-24mo)
Notion,$10B,USA,Productivity,Private Unicorn,Curated (Verified),70,Near-Term (18-24mo)
Discord,$15B,USA,Social,Private Unicorn,Curated (Verified),70,Near-Term (18-24mo)
Airtable,$11B,USA,SaaS,Private Unicorn,Curated (Verified),70,Near-Term (18-24mo)
Tempus,$8.1B,USA,Biotech,Private Unicorn,Curated (Verified),70,Near-Term (18-24mo)
Insitro,$2.4B,USA,Biotech/AI,Private Unicorn,Curated (Verified),65,Near-Term (18-24mo)
Recursion,$3B,USA,Biotech/AI,Private Unicorn,Curated (Verified),65,Near-Term (18-24mo)
Cerebras,$4B,USA,AI Chips,Private Unicorn,Curated (Verified),65,Near-Term (18-24mo)
SambaNova,$5B,USA,AI Chips,Private Unicorn,Curated (Verified),70,Near-Term (18-24mo)
Graphcore,$2.8B,UK,AI Chips,Private Unicorn,Curated (Verified),65,Near-Term (18-24mo)
Circle,$9B,USA,Crypto,Private Unicorn,Curated (Verified),65,Near-Term (18-24mo)
Fireblocks,$8B,USA,Crypto,Private Unicorn,Curated (Verified),65,Near-Term (18-24mo)
Figure AI,$2.6B,USA,Robotics,Private Unicorn,Curated (Verified),65,Near-Term (18-24mo)
Skydio,$2.2B,USA,Drones,Private Unicorn,Curated (Verified),60,Near-Term (18-24mo)
Physical Intelligence,$2B,USA,Robotics,Private Unicorn,Curated (Verified),65,Near-Term (18-24mo)
Redwood Materials,$5B,USA,Clean Tech,Private Unicorn,Curated (Verified),65,Near-Term (18-24mo)
Commonwealth Fusion,$2B,USA,Energy,Private Unicorn,Curated (Verified),60,Near-Term (18-24mo)
Form Energy,$1.2B,USA,Energy Storage,Private Unicorn,Curated (Verified),60,Near-Term (18-24mo)
229,"1,300",January 2016,VentureBeat[11],Private Unicorn,Wikipedia,50,Developing (2-3yr)
208,761,December 2016,TechCrunch[5],Private Unicorn,Wikipedia,50,Developing (2-3yr)
224,771.9,April 2017,TechCrunch,Private Unicorn,Wikipedia,50,Developing (2-3yr)
193,665,April 2017,Incmagazine[12],Private Unicorn,Wikipedia,50,Developing (2-3yr)
266,861,August 2018,CB Insights[3],Private Unicorn,Wikipedia,50,Developing (2-3yr)
394,"1,200",August 2018,CB Insights[13],Private Unicorn,Wikipedia,50,Developing (2-3yr)
495,"1,566",November 2020,CB Insights[13],Private Unicorn,Wikipedia,50,Developing (2-3yr)
963,"3,140",January 2022,CB Insights[13],Private Unicorn,Wikipedia,50,Developing (2-3yr)
"1,170","3,854",June 2022,CB Insights[14],Private Unicorn,Wikipedia,50,Developing (2-3yr)
"1,260","4,386",April 2025,CB Insights[15],Private Unicorn,Wikipedia,50,Developing (2-3yr)
"1,290","4,661",July 2025,CB Insights[16],Private Unicorn,Wikipedia,50,Developing (2-3yr)
"1,334","5,443",November 2025,CB Insights[17],Private Unicorn,Wikipedia,50,Developing (2-3yr)
USA,1050,2.29,,Private Unicorn,Wikipedia,50,Developing (2-3yr)
China,343,0.20,,Private Unicorn,Wikipedia,50,Developing (2-3yr)
India,124,0.09,,Private Unicorn,Wikipedia,50,Developing (2-3yr)
Germany,47,0.55,,Private Unicorn,Wikipedia,50,Developing (2-3yr)
Israel,42,4.20,,Private Unicorn,Wikipedia,50,Developing (2-3yr)
South Korea,33,0.40,,Private Unicorn,Wikipedia,50,Developing (2-3yr)
Singapore,33,3.69,,Private Unicorn,Wikipedia,50,Developing (2-3yr)
France,31,0.49,,Private Unicorn,Wikipedia,50,Developing (2-3yr)
Canada,30,0.75,,Private Unicorn,Wikipedia,50,Developing (2-3yr)
Brazil,25,0.09,,Private Unicorn,Wikipedia,50,Developing (2-3yr)
Netherlands,15,0.60,,Private Unicorn,Wikipedia,50,Developing (2-3yr)
Australia,12,0.43,,Private Unicorn,Wikipedia,50,Developing (2-3yr)
Japan,11,0.13,,Private Unicorn,Wikipedia,50,Developing (2-3yr)
Indonesia,10,0.03,,Private Unicorn,Wikipedia,50,Developing (2-3yr)
Hong Kong,10,1.71,,Private Unicorn,Wikipedia,50,Developing (2-3yr)
Mexico,10,0.08,,Private Unicorn,Wikipedia,50,Developing (2-3yr)
Estonia,10,7.30,,Private Unicorn,Wikipedia,50,Developing (2-3yr)
Ireland,9,1.89,,Private Unicorn,Wikipedia,50,Developing (2-3yr)
Switzerland,9,1.01,,Private Unicorn,Wikipedia,50,Developing (2-3yr)
Saudi Arabia,8,0.25,,Private Unicorn,Wikipedia,50,Developing (2-3yr)
Sweden,8,0.76,,Private Unicorn,Wikipedia,50,Developing (2-3yr)
UAE,6,0.63,,Private Unicorn,Wikipedia,50,Developing (2-3yr)
Turkey,5,0.06,,Private Unicorn,Wikipedia,50,Developing (2-3yr)
Finland,5,1.61,,Private Unicorn,Wikipedia,50,Developing (2-3yr)
Norway,5,0.91,,Private Unicorn,Wikipedia,50,Developing (2-3yr)
Nigeria,4,0.01,,Private Unicorn,Wikipedia,50,Developing (2-3yr)
Vietnam,4,0.04,,Private Unicorn,Wikipedia,50,Developing (2-3yr)
Spain,4,0.08,,Private Unicorn,Wikipedia,50,Developing (2-3yr)
Luxembourg,4,0.03,,Private Unicorn,Wikipedia,50,Developing (2-3yr)
Thailand,3,0.04,,Private Unicorn,Wikipedia,50,Developing (2-3yr)
Egypt,3,0.03,,Private Unicorn,Wikipedia,50,Developing (2-3yr)
Russia,3,0.02,,Private Unicorn,Wikipedia,50,Developing (2-3yr)
Philippines,3,0.02,,Private Unicorn,Wikipedia,50,Developing (2-3yr)
Cayman Islands,3,0.01,,Private Unicorn,Wikipedia,50,Developing (2-3yr)
Belgium,3,0.26,,Private Unicorn,Wikipedia,50,Developing (2-3yr)
Taiwan,2,0.02,,Private Unicorn,Wikipedia,50,Developing (2-3yr)
South Africa,2,0.01,,Private Unicorn,Wikipedia,50,Developing (2-3yr)
Bangladesh,2,0.01,,Private Unicorn,Wikipedia,50,Developing (2-3yr)
Malaysia,2,0.01,,Private Unicorn,Wikipedia,50,Developing (2-3yr)
Chile,2,0.01,,Private Unicorn,Wikipedia,50,Developing (2-3yr)
Argentina,2,0.31,,Private Unicorn,Wikipedia,50,Developing (2-3yr)
Austria,2,0.33,,Private Unicorn,Wikipedia,50,Developing (2-3yr)
Italy,2,0.03,,Private Unicorn,Wikipedia,50,Developing (2-3yr)
Denmark,2,0.50,,Private Unicorn,Wikipedia,50,Developing (2-3yr)
Lithuania,2,0.70,,Private Unicorn,Wikipedia,50,Developing (2-3yr)
Ukraine,2,0.05,,Private Unicorn,Wikipedia,50,Developing (2-3yr)
Czech Republic,2,0.01,,Private Unicorn,Wikipedia,50,Developing (2-3yr)
Romania,2,0.01,,Private Unicorn,Wikipedia,50,Developing (2-3yr)
Portugal,2,0.01,,Private Unicorn,Wikipedia,50,Developing (2-3yr)
Kazakhstan,1,0.01,,Private Unicorn,Wikipedia,50,Developing (2-3yr)
Algeria,1,0.01,,Private Unicorn,Wikipedia,50,Developing (2-3yr)
Bahamas,1,0.01,,Private Unicorn,Wikipedia,50,Developing (2-3yr)
Bermuda,1,0.01,,Private Unicorn,Wikipedia,50,Developing (2-3yr)
Anguilla,1,0.01,,Private Unicorn,Wikipedia,50,Developing (2-3yr)
Colombia,1,0.01,,Private Unicorn,Wikipedia,50,Developing (2-3yr)
Malta,1,0.01,,Private Unicorn,Wikipedia,50,Developing (2-3yr)
Seychelles,1,0.01,,Private Unicorn,Wikipedia,50,Developing (2-3yr)
Croatia,1,0.01,,Private Unicorn,Wikipedia,50,Developing (2-3yr)
Cyprus,1,0.01,,Private Unicorn,Wikipedia,50,Developing (2-3yr)
Bulgaria,1,0.15,,Private Unicorn,Wikipedia,50,Developing (2-3yr)
Uruguay,1,0.01,,Private Unicorn,Wikipedia,50,Developing (2-3yr)
Uzbekistan,1,0.01,,Private Unicorn,Wikipedia,50,Developing (2-3yr)
Zimbabwe,1,0.01,,Private Unicorn,Wikipedia,50,Developing (2-3yr)
Armenia,1,0.36,,Private Unicorn,Wikipedia,50,Developing (2-3yr)
Greece,1,0.01,,Private Unicorn,Wikipedia,50,Developing (2-3yr)
Hungary,1,0.01,,Private Unicorn,Wikipedia,50,Developing (2-3yr)
Iceland,1,0.01,,Private Unicorn,Wikipedia,50,Developing (2-3yr)
Poland,1,0.01,,Private Unicorn,Wikipedia,50,Developing (2-3yr)
Liechtenstein,1,25,,Private Unicorn,Wikipedia,50,Developing (2-3yr)
Latvia,1,0.53,,Private Unicorn,Wikipedia,50,Developing (2-3yr)
ByteDance,330,September 2025[22],Internet,Private Unicorn,Wikipedia,50,Developing (2-3yr)
Binance,80–90,September 2021(2021-09)[14],Cryptocurrency,Private Unicorn,Wikipedia,50,Developing (2-3yr)
Shein,66,May 2023(2023-05)[14],E-commerce,Private Unicorn,Wikipedia,50,Developing (2-3yr)
Ramp,32,November 2025[29],Financial technology,Private Unicorn,Wikipedia,50,Developing (2-3yr)
Safe Superintelligence,32,April 2025[30],Artificial Intelligence,Private Unicorn,Wikipedia,50,Developing (2-3yr)
Epic Games,31.5,June 2022(2022-06)[14],Video games,Private Unicorn,Wikipedia,50,Developing (2-3yr)
Anduril Industries,30.5,June 2025[31],Defense technology,Private Unicorn,Wikipedia,55,Developing (2-3yr)
Telegram,30,January 2021(2021-01)[32],Internet,Private Unicorn,Wikipedia,50,Developing (2-3yr)
Anysphere,29.3,November 2025(2025-11)[33],Artificial intelligence,Private Unicorn,Wikipedia,50,Developing (2-3yr)
Fanatics,27,June 2022(2022-06)[14],E-commerce,Private Unicorn,Wikipedia,50,Developing (2-3yr)
Chobani,20,October 2025[38],Consumer staples,Private Unicorn,Wikipedia,50,Developing (2-3yr)
Miro,17.5,January 2022(2022-01)[39],Software,Private Unicorn,Wikipedia,50,Developing (2-3yr)
Nature's Fynd,17,July 2021(2021-07)[40],Consumer packaged goods,Private Unicorn,Wikipedia,50,Developing (2-3yr)
Trendyol,16.5,May 2021(2021-05)[41],E-commerce,Private Unicorn,Wikipedia,50,Developing (2-3yr)
Yuanfudao,15.5,October 2020(2020-10)[42],Educational technology,Private Unicorn,Wikipedia,50,Developing (2-3yr)
DJI,15,September 2016(2016-09)[1],Technology,Private Unicorn,Wikipedia,50,Developing (2-3yr)
GoPuff,15,July 2021(2021-07)[44],E-commerce,Private Unicorn,Wikipedia,50,Developing (2-3yr)
Xiaohongshu,14,September 2023(2023-09)[46],E-commerce,Private Unicorn,Wikipedia,50,Developing (2-3yr)
Helsing,14,September 2025(2025-09)[47],Defense,Private Unicorn,Wikipedia,55,Developing (2-3yr)
OpenSea,13.3,August 2025[49],Financial Technology,Private Unicorn,Wikipedia,50,Developing (2-3yr)
Grammarly,13,November 2021(2021-11)[50],Collaborative software,Private Unicorn,Wikipedia,50,Developing (2-3yr)
Devoted Health,12.6,October 2021(2021-10)[53],Healthcare,Private Unicorn,Wikipedia,50,Developing (2-3yr)
Faire,12.4,November 2021(2021-11)[54],E-commerce,Private Unicorn,Wikipedia,50,Developing (2-3yr)
Brex,12.3,October 2021[55],Finance,Private Unicorn,Wikipedia,50,Developing (2-3yr)
Thinking Machines Lab,12,July 2025[56],Artificial intelligence,Private Unicorn,Wikipedia,50,Developing (2-3yr)
Biosplice Therapeutics,12,April 2021[57],Health,Private Unicorn,Wikipedia,50,Developing (2-3yr)
Bitmain,12,June 2018,Cryptocurrency,Private Unicorn,Wikipedia,50,Developing (2-3yr)
GoodLeap,12,October 2021[58],Financial technology,Private Unicorn,Wikipedia,50,Developing (2-3yr)
SenseTime,12,January 2021[59],Artificial intelligence,Private Unicorn,Wikipedia,50,Developing (2-3yr)
Getir,12,March 2022[60],Retail,Private Unicorn,Wikipedia,55,Developing (2-3yr)
Northvolt,11.75,June 2021[61],Batteries,Private Unicorn,Wikipedia,50,Developing (2-3yr)
Whatnot,11.5,November 2025[62],E-Commerce,Private Unicorn,Wikipedia,50,Developing (2-3yr)
Rippling,11.25,March 2023[63],Workforce management,Private Unicorn,Wikipedia,50,Developing (2-3yr)
Checkout.com,11,December 2022(2022-12)[14],Financial technology,Private Unicorn,Wikipedia,50,Developing (2-3yr)
Celonis,11,June 2021[65],Software,Private Unicorn,Wikipedia,50,Developing (2-3yr)
ZongMu Technology,11,June 2021[66],Self-driving cars,Private Unicorn,Wikipedia,50,Developing (2-3yr)
Bolt Financial,11,January 2022[68],Financial technology,Private Unicorn,Wikipedia,50,Developing (2-3yr)
Bilt Rewards,10.75,July 2025,Financial Technology,Private Unicorn,Wikipedia,50,Developing (2-3yr)
Cognition AI,10.2,September 2025(2025-09)[69],Artificial Intelligence,Private Unicorn,Wikipedia,50,Developing (2-3yr)
Colossal Biosciences,10.2,January 2025[70],Biotechnology,Private Unicorn,Wikipedia,55,Developing (2-3yr)
Alchemy,10.2,January 2022[71],Blockchain,Private Unicorn,Wikipedia,55,Developing (2-3yr)
Chehaoduo,10,July 2021[72],Marketplace,Private Unicorn,Wikipedia,50,Developing (2-3yr)
Digital Currency Group,10,November 2021[73],Venture capital,Private Unicorn,Wikipedia,50,Developing (2-3yr)
Mercor,10,October 2025[74],Artificial Intelligence,Private Unicorn,Wikipedia,50,Developing (2-3yr)
Gusto,10,August 2021[75],Software,Private Unicorn,Wikipedia,50,Developing (2-3yr)
KuCoin,10,May 2022[76],Cryptocurrency,Private Unicorn,Wikipedia,50,Developing (2-3yr)
Lalamove,10,January 2021[77],Supply chain management,Private Unicorn,Wikipedia,55,Developing (2-3yr)
Notion Labs,10,October 2021[78],Productivity software,Private Unicorn,Wikipedia,50,Developing (2-3yr)
Polygon Technology,10,February 2022[79],"Blockchain,Web3",Private Unicorn,Wikipedia,55,Developing (2-3yr)
Ripple,10,December 2019[81],Cryptocurrency,Private Unicorn,Wikipedia,50,Developing (2-3yr)
Talkdesk,10,August 2021[82],Software as a service,Private Unicorn,Wikipedia,50,Developing (2-3yr)
Oyo,9.6,August 2021[83],Hospitality,Private Unicorn,Wikipedia,50,Developing (2-3yr)
Klaviyo,9.5,May 2021[84],Marketing,Private Unicorn,Wikipedia,50,Developing (2-3yr)
OutSystems,9.5,February 2021[85],Software development,Private Unicorn,Wikipedia,50,Developing (2-3yr)
ServiceTitan,9.5,June 2021[88],Software,Private Unicorn,Wikipedia,50,Developing (2-3yr)
Vercel,9.3,September 2025[89],Cloud computing / AI,Private Unicorn,Wikipedia,55,Developing (2-3yr)
HeyTea,9.3,July 2021[90],Retail,Private Unicorn,Wikipedia,55,Developing (2-3yr)
Neuralink,9,May 2025[91],Neurotechnology,Private Unicorn,Wikipedia,50,Developing (2-3yr)
VAST Data,9,December 2023(2023-12)[92],Data storage,Private Unicorn,Wikipedia,50,Developing (2-3yr)
Tanium,9,June 2020[93],Cybersecurity,Private Unicorn,Wikipedia,50,Developing (2-3yr)
Kavak,8.7,October 2021[94],Marketplace,Private Unicorn,Wikipedia,50,Developing (2-3yr)
Rapyd,8.7,August 2021[95],Financial technology,Private Unicorn,Wikipedia,50,Developing (2-3yr)
Supercell,8.6,June 2021[96],Gaming,Private Unicorn,Wikipedia,50,Developing (2-3yr)
Nuro,8.6,November 2021[97],Robotics,Private Unicorn,Wikipedia,55,Developing (2-3yr)
Snyk,8.5,September 2021[98],Application security,Private Unicorn,Wikipedia,50,Developing (2-3yr)
Bolt,8.4,January 2022[99],Transportation,Private Unicorn,Wikipedia,50,Developing (2-3yr)
Dream11,8,November 2021[100],Fantasy sports,Private Unicorn,Wikipedia,50,Developing (2-3yr)
Flexport,8,February 2022[101],Logistics,Private Unicorn,Wikipedia,50,Developing (2-3yr)
StarkWare Industries,8,May 2022[102],Blockchain,Private Unicorn,Wikipedia,55,Developing (2-3yr)
Hopin,7.75,August 2021[103],Virtual event,Private Unicorn,Wikipedia,50,Developing (2-3yr)
Dapper Labs,7.6,September 2021[104],NFT,Private Unicorn,Wikipedia,50,Developing (2-3yr)
Netskope,7.5,July 2021[105],Computer security,Private Unicorn,Wikipedia,50,Developing (2-3yr)
Razorpay,7.5,December 2021[106],Financial technology,Private Unicorn,Wikipedia,50,Developing (2-3yr)
Carta,7.4,August 2021[107],Software,Private Unicorn,Wikipedia,50,Developing (2-3yr)
Ola Consumer,7.3,December 2021[108],Transportation,Private Unicorn,Wikipedia,50,Developing (2-3yr)
Gong,4.5,November 2025[109],June 2021[110],Private Unicorn,Wikipedia,50,Developing (2-3yr)
TripActions,7.25,October 2021[111],Travel,Private Unicorn,Wikipedia,50,Developing (2-3yr)
PsiQuantum,7,March 2025[112],Quantum computing,Private Unicorn,Wikipedia,55,Developing (2-3yr)
Automation Anywhere,6.8,November 2019[113],Robotic process automation,Private Unicorn,Wikipedia,50,Developing (2-3yr)
1Password,6.8,July 2021[114],Password manager,Private Unicorn,Wikipedia,50,Developing (2-3yr)
WeDoctor,6.8,February 2021[115],Healthcare,Private Unicorn,Wikipedia,50,Developing (2-3yr)
Yanolja,6.7,July 2021[117],Hospitality,Private Unicorn,Wikipedia,50,Developing (2-3yr)
Ziroom,6.6,March 2020[118],Real estate technology,Private Unicorn,Wikipedia,50,Developing (2-3yr)
Lovable,6.6,December 2025[119],Artificial intelligence,Private Unicorn,Wikipedia,50,Developing (2-3yr)
Mollie,6.5,June 2021[121],Financial technology,Private Unicorn,Wikipedia,50,Developing (2-3yr)
CRED,6.4,June 2022[122],Financial technology,Private Unicorn,Wikipedia,50,Developing (2-3yr)
DataRobot,6.3,July 2021[123],Artificial intelligence,Private Unicorn,Wikipedia,50,Developing (2-3yr)
Personio,6.3,October 2021[124],Software,Private Unicorn,Wikipedia,50,Developing (2-3yr)
Doctolib[fr],6.2,August 2022[125],Healthcare,Private Unicorn,Wikipedia,50,Developing (2-3yr)
Lianjia(Homelink),6.04,April 2017[126],Real estate,Private Unicorn,Wikipedia,50,Developing (2-3yr)
OpenEvidence,6,October 2025[127],Health Technology,Private Unicorn,Wikipedia,50,Developing (2-3yr)
iCapital,6,2022[128],Financial services,Private Unicorn,Wikipedia,50,Developing (2-3yr)
Xingsheng Youxuan,6,January 2021[129],Retail,Private Unicorn,Wikipedia,55,Developing (2-3yr)
SandboxAQ,5.6,December 2024[130],"Quantum technology,Artificial intelligence",Private Unicorn,Wikipedia,55,Developing (2-3yr)
Back Market,5.8,August 2022[125],Marketplace,Private Unicorn,Wikipedia,50,Developing (2-3yr)
The Boring Company,5.7,April 2022[131],Construction,Private Unicorn,Wikipedia,50,Developing (2-3yr)
Vice Media,5.7,February 2020[132],Mass media,Private Unicorn,Wikipedia,50,Developing (2-3yr)
Relex,5.68,February 2022[133],Supply Chain Automation,Private Unicorn,Wikipedia,55,Developing (2-3yr)
Contentsquare,5.6,August 2022[125],Software as a service,Private Unicorn,Wikipedia,50,Developing (2-3yr)
Fivetran,5.6,September 2021[134],Data infrastructure,Private Unicorn,Wikipedia,50,Developing (2-3yr)
PharmEasy,5.6,October 2021[135],Health technology,Private Unicorn,Wikipedia,50,Developing (2-3yr)
Postman,5.6,August 2021[136],Software as a service,Private Unicorn,Wikipedia,50,Developing (2-3yr)
Swiggy,5.5,January 2022[137],Food delivery,Private Unicorn,Wikipedia,50,Developing (2-3yr)
Airwallex,5.5,November 2021[138],Financial services,Private Unicorn,Wikipedia,50,Developing (2-3yr)
PhonePe,5.5,December 2020[139],Financial technology,Private Unicorn,Wikipedia,50,Developing (2-3yr)
Viva Republica(Toss),5.48,June 2021[140],Financial technology,Private Unicorn,Wikipedia,50,Developing (2-3yr)
Helion Energy,5.42,January 2025[141],Fusion power,Private Unicorn,Wikipedia,50,Developing (2-3yr)
Pony.ai,5.3,November 2020[142],Artificial intelligence,Private Unicorn,Wikipedia,50,Developing (2-3yr)
Trade Republic,5.3,May 2021[143],Financial technology,Private Unicorn,Wikipedia,50,Developing (2-3yr)
Rappi,5.25,July 2021[144],Transportation,Private Unicorn,Wikipedia,50,Developing (2-3yr)
Oura Health,5.2,December 2024[145],Wearables,Private Unicorn,Wikipedia,50,Developing (2-3yr)
Blockchain.com,5.2,March 2021[146],Cryptocurrency,Private Unicorn,Wikipedia,50,Developing (2-3yr)
OneTrust,5.1,December 2020[147],Cybersecurity,Private Unicorn,Wikipedia,50,Developing (2-3yr)
Collibra,5+,January 2019[149],Data governance,Private Unicorn,Wikipedia,50,Developing (2-3yr)
Thrasio,5+,October 2021[150],Holding company,Private Unicorn,Wikipedia,50,Developing (2-3yr)
CloudKitchens,5,November 2019[151],Ghost kitchen,Private Unicorn,Wikipedia,50,Developing (2-3yr)
Hello TransTech,5,March 2021[152],Transportation,Private Unicorn,Wikipedia,50,Developing (2-3yr)
Hopper,5,August 2021[153],Travel,Private Unicorn,Wikipedia,50,Developing (2-3yr)
JUUL Labs,5,October 2019[154],Electronic cigarettes,Private Unicorn,Wikipedia,50,Developing (2-3yr)
OfBusiness,5,December 2021[155],B2B e-commerce,Private Unicorn,Wikipedia,50,Developing (2-3yr)
Ola Electric,5,January 2022[156],Electric vehicles,Private Unicorn,Wikipedia,50,Developing (2-3yr)
Qonto,5,August 2022[125],Finance,Private Unicorn,Wikipedia,50,Developing (2-3yr)
Royole,5,August 2018[158],Flexible electronics,Private Unicorn,Wikipedia,50,Developing (2-3yr)
UBtech Robotics,5,May 2018[159],Robotics,Private Unicorn,Wikipedia,55,Developing (2-3yr)
GetBlock,4.6,June 2020,Blockchain,Private Unicorn,Wikipedia,55,Developing (2-3yr)
United Imaging,5,September 2017[160],Healthcare,Private Unicorn,Wikipedia,50,Developing (2-3yr)
Zepz,5,August 2021[161],Financial technology,Private Unicorn,Wikipedia,50,Developing (2-3yr)
Animoca Brands,5,January 2022[162],Blockchain gaming,Private Unicorn,Wikipedia,55,Developing (2-3yr)
Octopus Energy,5,December 2021[163],Energy supply,Private Unicorn,Wikipedia,50,Developing (2-3yr)
Pine Labs,5,February 2022[164],Financial technology,Private Unicorn,Wikipedia,50,Developing (2-3yr)
Meesho,4.9,September 2021[165],E-commerce,Private Unicorn,Wikipedia,50,Developing (2-3yr)
Pleo,4.7,December 2021[166],Financial technology,Private Unicorn,Wikipedia,50,Developing (2-3yr)
Checkr,4.6,August 2021[167],Human resource management,Private Unicorn,Wikipedia,50,Developing (2-3yr)
Dataiku,4.6,August 2021[168],Artificial intelligence,Private Unicorn,Wikipedia,50,Developing (2-3yr)
Sorare,4.6,August 2022[125],Fantasy sports,Private Unicorn,Wikipedia,50,Developing (2-3yr)
Magic Leap,4.5,February 2016[1][5],Augmented reality,Private Unicorn,Wikipedia,50,Developing (2-3yr)
Socure,4.5,November 2021[169],Identity management,Private Unicorn,Wikipedia,50,Developing (2-3yr)
Vinted,4.5,May 2021[170],Marketplace,Private Unicorn,Wikipedia,50,Developing (2-3yr)
Zenefits,4.5,May 2015[2][5],Human resource management,Private Unicorn,Wikipedia,50,Developing (2-3yr)
Quince,4.5,July 2025[171],Enterprise Technology,Private Unicorn,Wikipedia,50,Developing (2-3yr)
Meizu,4.4,October 2016[160],Consumer electronics,Private Unicorn,Wikipedia,50,Developing (2-3yr)
Outreach,4.4,June 2021[172],Sales,Private Unicorn,Wikipedia,50,Developing (2-3yr)
Arctic Wolf Networks,4.3,July 2021[173],Cybersecurity,Private Unicorn,Wikipedia,50,Developing (2-3yr)
Chainalysis,4.2,June 2021[174],Blockchain,Private Unicorn,Wikipedia,55,Developing (2-3yr)
SSENSE,4.15,June 2021[176],E-commerce,Private Unicorn,Wikipedia,50,Developing (2-3yr)
Bitpanda,4.1,August 2021[177],Cryptocurrency,Private Unicorn,Wikipedia,50,Developing (2-3yr)
Dataminr,4.1,March 2021[178],Data analytics,Private Unicorn,Wikipedia,50,Developing (2-3yr)
Yello Mobile,4.05,November 2016[5][179],Software industry,Private Unicorn,Wikipedia,50,Developing (2-3yr)
Abnormal Security,4,May 2022[180],Cybersecurity,Private Unicorn,Wikipedia,50,Developing (2-3yr)
AlphaSense,4,June 2024[181],Software,Private Unicorn,Wikipedia,50,Developing (2-3yr)
Branch Metrics,4,February 2022[182],Marketing,Private Unicorn,Wikipedia,50,Developing (2-3yr)
BrowserStack,4,June 2021[183],Software,Private Unicorn,Wikipedia,50,Developing (2-3yr)
Clubhouse,4,April 2021[184],Messaging,Private Unicorn,Wikipedia,50,Developing (2-3yr)
Houzz,4,June 2017[185],Interior design,Private Unicorn,Wikipedia,50,Developing (2-3yr)
Megvii,4,May 2019[186],Technology,Private Unicorn,Wikipedia,50,Developing (2-3yr)
Melio,4,September 2021[187],Financial technology,Private Unicorn,Wikipedia,50,Developing (2-3yr)
NEXT Insurance,4,March 2021[188],Insurance,Private Unicorn,Wikipedia,50,Developing (2-3yr)
Olive,4,June 2021[189],Health technology,Private Unicorn,Wikipedia,50,Developing (2-3yr)
Patreon,4,April 2021[190],Online membership service,Private Unicorn,Wikipedia,50,Developing (2-3yr)
PointClickCare,4,January 2021[191],Software,Private Unicorn,Wikipedia,50,Developing (2-3yr)
QuintoAndar,4,May 2021[192],Real estate,Private Unicorn,Wikipedia,50,Developing (2-3yr)
Niantic,3.95,January 2019[193],Video games,Private Unicorn,Wikipedia,50,Developing (2-3yr)
StockX,3.8,April 2021[194],E-commerce,Private Unicorn,Wikipedia,50,Developing (2-3yr)
Articulate,3.75,July 2021[195],Educational technology,Private Unicorn,Wikipedia,50,Developing (2-3yr)
Cohesity,3.7,March 2021[196],Software,Private Unicorn,Wikipedia,50,Developing (2-3yr)
Noom,3.7,May 2021[197],Healthcare,Private Unicorn,Wikipedia,50,Developing (2-3yr)
PAPAYA Global,3.7,September 2021[198],Workforce management,Private Unicorn,Wikipedia,50,Developing (2-3yr)
ShareChat,3.7,December 2021[199],Social network,Private Unicorn,Wikipedia,50,Developing (2-3yr)
WHOOP,3.6,August 2021[200],Wearable technology,Private Unicorn,Wikipedia,50,Developing (2-3yr)
Shouqi,3.55,December 2016[160],Transportation,Private Unicorn,Wikipedia,50,Developing (2-3yr)
Coalition,3.5,September 2021[202],Cybersecurity,Private Unicorn,Wikipedia,50,Developing (2-3yr)
Commure,3.5,September 2021[203],Health technology,Private Unicorn,Wikipedia,50,Developing (2-3yr)
Digit Insurance,3.5,July 2021[204],Insurance,Private Unicorn,Wikipedia,50,Developing (2-3yr)
Mirakl,3.5,September 2021[205],Marketplace,Private Unicorn,Wikipedia,50,Developing (2-3yr)
N26,3.5,July 2019[206],Financial services,Private Unicorn,Wikipedia,50,Developing (2-3yr)
OwnBackup,3.35,August 2021[207],Data storage,Private Unicorn,Wikipedia,50,Developing (2-3yr)
Preferred Networks,3.33,September 2019[208],Artificial intelligence,Private Unicorn,Wikipedia,50,Developing (2-3yr)
CARS24,3.3,December 2021[209],Marketplace,Private Unicorn,Wikipedia,50,Developing (2-3yr)
Kurly,3.3,July 2021[210],E-commerce,Private Unicorn,Wikipedia,50,Developing (2-3yr)
Rubrik,3.3,January 2019[211],Computer storage,Private Unicorn,Wikipedia,50,Developing (2-3yr)
WeRide,3.3,June 2021[212],Self-driving cars,Private Unicorn,Wikipedia,50,Developing (2-3yr)
Youxia Motors,3.3,October 2018[213],Electric vehicles,Private Unicorn,Wikipedia,50,Developing (2-3yr)
MoonPay,3.4,November 2021[214],Cryptocurrency,Private Unicorn,Wikipedia,50,Developing (2-3yr)
Upstox,3.4,November 2021[215],Financial technology,Private Unicorn,Wikipedia,50,Developing (2-3yr)
Unacademy,3.4,August 2021[216],Educational technology,Private Unicorn,Wikipedia,50,Developing (2-3yr)
Plus.ai,3.3,May 2021[217],Self-driving trucks,Private Unicorn,Wikipedia,50,Developing (2-3yr)
Starburst Data,3.3,February 2022[218],Data analytics,Private Unicorn,Wikipedia,50,Developing (2-3yr)
Thumbtack,3.2,June 2021[220],Software,Private Unicorn,Wikipedia,50,Developing (2-3yr)
ApplyBoard,3.2,June 2021[221],Educational technology,Private Unicorn,Wikipedia,50,Developing (2-3yr)
Blockstream,3.2,August 2021[222],Blockchain,Private Unicorn,Wikipedia,55,Developing (2-3yr)
ConsenSys,3.2,November 2021[223],Blockchain,Private Unicorn,Wikipedia,55,Developing (2-3yr)
Cybereason,3.2,July 2021[224],Cybersecurity,Private Unicorn,Wikipedia,50,Developing (2-3yr)
Verkada,3.2,September 2022[225],Physical security,Private Unicorn,Wikipedia,50,Developing (2-3yr)
Eruditus,3.2,August 2021[226],Educational technology,Private Unicorn,Wikipedia,50,Developing (2-3yr)
SpotOn,3.15,September 2021[227],Financial technology,Private Unicorn,Wikipedia,50,Developing (2-3yr)
TiendaNube,3.1,August 2021[228],E-commerce,Private Unicorn,Wikipedia,50,Developing (2-3yr)
SentinelOne,3.1,November 2020[229],Cybersecurity,Private Unicorn,Wikipedia,50,Developing (2-3yr)
Udaan,3.1,January 2021[230],B2B e-commerce,Private Unicorn,Wikipedia,50,Developing (2-3yr)
Wildlife,3+,August 2020[231],Mobile gaming,Private Unicorn,Wikipedia,50,Developing (2-3yr)
Replit,3,September 2025(2025-09)[232],Artificial Intelligence,Private Unicorn,Wikipedia,50,Developing (2-3yr)
CMR Surgical,3,January 2021[233],Robotics,Private Unicorn,Wikipedia,55,Developing (2-3yr)
Traveloka,3,January 2017[234],Travel,Private Unicorn,Wikipedia,50,Developing (2-3yr)
ActiveCampaign,3,April 2021[235],Marketing,Private Unicorn,Wikipedia,50,Developing (2-3yr)
"Age of Learning, Inc.",3,June 2021[236],Education,Private Unicorn,Wikipedia,50,Developing (2-3yr)
Automattic,3,September 2019[237],Internet,Private Unicorn,Wikipedia,50,Developing (2-3yr)
Calendly,3,January 2021[238],Software,Private Unicorn,Wikipedia,50,Developing (2-3yr)
Contentful,3,July 2021[240],Content management system,Private Unicorn,Wikipedia,50,Developing (2-3yr)
Forter,3,May 2021[241],Software,Private Unicorn,Wikipedia,50,Developing (2-3yr)
Grafana Labs,3,August 2021[242],Software,Private Unicorn,Wikipedia,50,Developing (2-3yr)
Groww,3,April 2021[243],Financial technology,Private Unicorn,Wikipedia,50,Developing (2-3yr)
Hinge Health,3,January 2021[244],Healthcare,Private Unicorn,Wikipedia,50,Developing (2-3yr)
Horizon Robotics,3,February 2018[245],Semiconductors,Private Unicorn,Wikipedia,50,Developing (2-3yr)
Lucid Software,3,June 2021[246],Software,Private Unicorn,Wikipedia,50,Developing (2-3yr)
MessageBird,3,October 2020[247],Cloud communications,Private Unicorn,Wikipedia,50,Developing (2-3yr)
Seismic,3,August 2021[248],Software,Private Unicorn,Wikipedia,50,Developing (2-3yr)
Sky Mavis,3,October 2021[249],Video games,Private Unicorn,Wikipedia,50,Developing (2-3yr)
Souche,3,September 2018[250],Marketplace,Private Unicorn,Wikipedia,50,Developing (2-3yr)
TradingView,3,October 2021[251],Finance,Private Unicorn,Wikipedia,50,Developing (2-3yr)
Aiven,3,May 2022[252],Data infrastructure,Private Unicorn,Wikipedia,50,Developing (2-3yr)
VANCL,3,February 2014[5],E-commerce,Private Unicorn,Wikipedia,50,Developing (2-3yr)
Veepee,3,August 2022[125],E-commerce,Private Unicorn,Wikipedia,50,Developing (2-3yr)
VIPKID,3,June 2018[253],Education,Private Unicorn,Wikipedia,50,Developing (2-3yr)
Warby Parker,3,August 2020[254],Retail,Private Unicorn,Wikipedia,55,Developing (2-3yr)
Wefox,3,June 2021[255],Insurance,Private Unicorn,Wikipedia,50,Developing (2-3yr)
Yixia Technology,3,November 2016[160],Internet media,Private Unicorn,Wikipedia,50,Developing (2-3yr)
OVO,2.9,March 2019[8],Financial technology,Private Unicorn,Wikipedia,50,Developing (2-3yr)
Workrise,2.9,May 2021[256],Workforce management,Private Unicorn,Wikipedia,50,Developing (2-3yr)
DriveWealth,2.85,August 2021[257],Financial technology,Private Unicorn,Wikipedia,50,Developing (2-3yr)
BharatPe,2.8,August 2021[258],Financial technology,Private Unicorn,Wikipedia,50,Developing (2-3yr)
Icertis,2.8,March 2021[261],Software,Private Unicorn,Wikipedia,50,Developing (2-3yr)
OakNorth,2.8,February 2019[262],Finance,Private Unicorn,Wikipedia,50,Developing (2-3yr)
UnionPay,2.8,October 2016[160],Finance,Private Unicorn,Wikipedia,50,Developing (2-3yr)
Urban Company,2.8,December 2021[263],Home services,Private Unicorn,Wikipedia,50,Developing (2-3yr)
Bird,2.78,October 2019[264],Transportation,Private Unicorn,Wikipedia,50,Developing (2-3yr)
Abridge,2.75,May 2025[265],Healthcare technology and AI,Private Unicorn,Wikipedia,55,Developing (2-3yr)
Convoy,2.75,November 2019[266],Trucking,Private Unicorn,Wikipedia,50,Developing (2-3yr)
Illumio,2.75,June 2021[267],Cybersecurity,Private Unicorn,Wikipedia,50,Developing (2-3yr)
MasterClass,2.75,May 2021[268],Educational technology,Private Unicorn,Wikipedia,50,Developing (2-3yr)
Zipline,2.75,June 2021[269],Logistics,Private Unicorn,Wikipedia,50,Developing (2-3yr)
Dream Games,2.75,January 2022(2022-01)[270],Gaming,Private Unicorn,Wikipedia,50,Developing (2-3yr)
Daangn Market,2.7,August 2021[271],E-commerce,Private Unicorn,Wikipedia,50,Developing (2-3yr)
Tridge,2.7,August 2022[272],Software as a service,Private Unicorn,Wikipedia,50,Developing (2-3yr)
Nextiva,2.7,September 2021[273],Software,Private Unicorn,Wikipedia,50,Developing (2-3yr)
Tradeshift,2.7,March 2021[274],Financial technology,Private Unicorn,Wikipedia,50,Developing (2-3yr)
Odoo,2.63,July 2021[275],CRM,Private Unicorn,Wikipedia,50,Developing (2-3yr)
AmWINS Group,2.6,October 2016[276],Insurance,Private Unicorn,Wikipedia,50,Developing (2-3yr)
ManoMano,2.6,July 2021[277],E-commerce,Private Unicorn,Wikipedia,50,Developing (2-3yr)
Pendo,2.6,July 2021[278],Software,Private Unicorn,Wikipedia,50,Developing (2-3yr)
Sourcegraph,2.6,July 2021[279],Developer platform,Private Unicorn,Wikipedia,50,Developing (2-3yr)
Jumpcloud,2.56,September 2021[280],Software,Private Unicorn,Wikipedia,50,Developing (2-3yr)
Cato Networks,2.5,October 2021[281],Cybersecurity,Private Unicorn,Wikipedia,50,Developing (2-3yr)
eToro,2.5,December 2020[282],Financial technology,Private Unicorn,Wikipedia,50,Developing (2-3yr)
Infra.Market,2.5,August 2021[283],Marketplace,Private Unicorn,Wikipedia,50,Developing (2-3yr)
DriveNets,2.5+,August 2022[284],"Network operating system,Software-defined networking, Software as a service",Private Unicorn,Wikipedia,50,Developing (2-3yr)
Lenskart,2.5,May 2021[285],Retail,Private Unicorn,Wikipedia,55,Developing (2-3yr)
Monzo,2.5,June 2019[286],Financial services,Private Unicorn,Wikipedia,50,Developing (2-3yr)
Ualá,2.45,November 2019,Personal finance,Private Unicorn,Wikipedia,50,Developing (2-3yr)
HoneyBook,2.4,November 2021[287],Financial services,Private Unicorn,Wikipedia,50,Developing (2-3yr)
BitSight,2.4,September 2021[288],Cybersecurity,Private Unicorn,Wikipedia,50,Developing (2-3yr)
Exabeam,2.4,June 2021[289],Cybersecurity,Private Unicorn,Wikipedia,50,Developing (2-3yr)
Paxos,2.4,April 2021[290],Cryptocurrency,Private Unicorn,Wikipedia,50,Developing (2-3yr)
Mozido,2.39,October 2014[5],E-commerce,Private Unicorn,Wikipedia,50,Developing (2-3yr)
Wemakeprice,2.33,September 2015[291],E-commerce,Private Unicorn,Wikipedia,50,Developing (2-3yr)
Headway,2.3,July 2024[292],Healthcare,Private Unicorn,Wikipedia,50,Developing (2-3yr)
Highspot,2.3,February 2021[293],Sales,Private Unicorn,Wikipedia,50,Developing (2-3yr)
MPL,2.3,September 2021[294],Mobile gaming,Private Unicorn,Wikipedia,50,Developing (2-3yr)
Uptake,2.3,November 2017[295],Asset performance management,Private Unicorn,Wikipedia,50,Developing (2-3yr)
Algolia,2.25,June 2021[296],Software,Private Unicorn,Wikipedia,50,Developing (2-3yr)
KeepTruckin,2.25,June 2021[297],Logistics,Private Unicorn,Wikipedia,50,Developing (2-3yr)
Via Transportation,2.25,March 2020[298],Transportation,Private Unicorn,Wikipedia,50,Developing (2-3yr)
Zume,2.25,November 2018[299],"Food packaging, Logistics",Private Unicorn,Wikipedia,50,Developing (2-3yr)
Acorns,2.2,May 2021[300],Financial technology,Private Unicorn,Wikipedia,50,Developing (2-3yr)
Bitso,2.2,May 2021[301],Cryptocurrency,Private Unicorn,Wikipedia,50,Developing (2-3yr)
Gympass,2.2,June 2021[302],Fitness,Private Unicorn,Wikipedia,50,Developing (2-3yr)
Transmit Security,2.2,June 2021[303],Cybersecurity,Private Unicorn,Wikipedia,50,Developing (2-3yr)
Addepar,2.17,June 2021[304],Financial technology,Private Unicorn,Wikipedia,50,Developing (2-3yr)
Eightfold.ai,2.1+,June 2021[305],Artificial intelligence,Private Unicorn,Wikipedia,50,Developing (2-3yr)
PayFit,2.1,January 2022(2022-01)[306],Software,Private Unicorn,Wikipedia,50,Developing (2-3yr)
6sense,2.1,March 2021[307],Artificial intelligence,Private Unicorn,Wikipedia,50,Developing (2-3yr)
C6 Bank,2.1,December 2020[308],Financial services,Private Unicorn,Wikipedia,50,Developing (2-3yr)
Mambu,2.1,January 2021[309],Financial technology,Private Unicorn,Wikipedia,50,Developing (2-3yr)
Moveworks,2.1,June 2021[310],Artificial intelligence,Private Unicorn,Wikipedia,50,Developing (2-3yr)
Nextdoor,2.1,May 2019[311],Social network,Private Unicorn,Wikipedia,50,Developing (2-3yr)
Webflow,2.1,January 2021[312],Web development,Private Unicorn,Wikipedia,50,Developing (2-3yr)
bKash,2+,November 2021[313][314],Mobile financial services,Private Unicorn,Wikipedia,50,Developing (2-3yr)
Babylon Health,2+,August 2019[315],Healthcare,Private Unicorn,Wikipedia,50,Developing (2-3yr)
Bought By Many,2+,June 2021[316],Insurance,Private Unicorn,Wikipedia,50,Developing (2-3yr)
FlixMobility,2+,August 2019[317],Transportation,Private Unicorn,Wikipedia,50,Developing (2-3yr)
Tipalti,2+,October 2020,Financial technology,Private Unicorn,Wikipedia,50,Developing (2-3yr)
XtalPi,2+,August 2021[318],Pharmaceuticals,Private Unicorn,Wikipedia,50,Developing (2-3yr)
Hive,2,April 2021[320],Artificial intelligence,Private Unicorn,Wikipedia,50,Developing (2-3yr)
Mural,2,July 2021[321],Technology,Private Unicorn,Wikipedia,50,Developing (2-3yr)
AppsFlyer,2,November 2020[322],Mobilemarketinganalytics,Private Unicorn,Wikipedia,50,Developing (2-3yr)
Beijing Weiying Technology,2,April 2016[5],"E-commerce, movie ticket distributor",Private Unicorn,Wikipedia,50,Developing (2-3yr)
BlaBlaCar,2,April 2021[323],Transportation,Private Unicorn,Wikipedia,50,Developing (2-3yr)
Calm,2,December 2020[324],Digital health,Private Unicorn,Wikipedia,50,Developing (2-3yr)
Clearco,2,April 2021[325],Financial services,Private Unicorn,Wikipedia,50,Developing (2-3yr)
ClickHouse,2,October 2021[326],Database management,Private Unicorn,Wikipedia,50,Developing (2-3yr)
Clip,2,June 2021[327],Financial technology,Private Unicorn,Wikipedia,50,Developing (2-3yr)
Cockroach Labs,2,January 2021[328],Database management,Private Unicorn,Wikipedia,50,Developing (2-3yr)
Divvy Homes,2,August 2021[329],Real estate technology,Private Unicorn,Wikipedia,50,Developing (2-3yr)
Druva,2,April 2021[330],Cloud computing,Private Unicorn,Wikipedia,50,Developing (2-3yr)
Exotec,2,August 2022[125],Robotics,Private Unicorn,Wikipedia,55,Developing (2-3yr)
Firstp2p,2,September 2016[5],Financial services,Private Unicorn,Wikipedia,50,Developing (2-3yr)
Formlabs,2,May 2021[331],3D printing,Private Unicorn,Wikipedia,50,Developing (2-3yr)
Huimin.cn,2,September 2016[160],B2B e-commerce,Private Unicorn,Wikipedia,50,Developing (2-3yr)
Iterable,2,June 2021[332],Marketing,Private Unicorn,Wikipedia,50,Developing (2-3yr)
Kry,2,April 2021[333][334],Healthcare,Private Unicorn,Wikipedia,50,Developing (2-3yr)
Meicai.cn,2,June 2016[160],"Agriculture, E-commerce",Private Unicorn,Wikipedia,50,Developing (2-3yr)
Mynt,2,November 2021[335],Financial technology,Private Unicorn,Wikipedia,50,Developing (2-3yr)
OPay,2,August 2021[336],Financial technology,Private Unicorn,Wikipedia,50,Developing (2-3yr)
Oxford Nanopore Technologies,2,November 2012[337],Nanopore sequencing,Private Unicorn,Wikipedia,50,Developing (2-3yr)
Sword Health,2,November 2021[338],Health,Private Unicorn,Wikipedia,50,Developing (2-3yr)
Taopiaopiao,2,July 2017[160],"E-commerce, movie ticket distributor",Private Unicorn,Wikipedia,50,Developing (2-3yr)
Trendy International Group,2,February 2012[5][339],"Fashion, Retail",Private Unicorn,Wikipedia,55,Developing (2-3yr)
Unqork,2,October 2020[340],Software development,Private Unicorn,Wikipedia,50,Developing (2-3yr)
Zerodha,2,May 2021[341],Financial technology,Private Unicorn,Wikipedia,50,Developing (2-3yr)
Instabase,2,June 2023[342],Software,Private Unicorn,Wikipedia,50,Developing (2-3yr)
Zilch,2,November 2021[343],Financial technology,Private Unicorn,Wikipedia,50,Developing (2-3yr)
Akulaku,2,February 2022[344],Financial technology,Private Unicorn,Wikipedia,50,Developing (2-3yr)
Ankorstore,1.98,August 2022[125],Marketplace,Private Unicorn,Wikipedia,50,Developing (2-3yr)
Avant,1.98,September 2015[5],Consumer finance,Private Unicorn,Wikipedia,50,Developing (2-3yr)
Intarcia Therapeutics,1.95,September 2016[5],Pharmaceutical,Private Unicorn,Wikipedia,50,Developing (2-3yr)
ThoughtSpot,1.95,August 2019[345][346],Analytics,Private Unicorn,Wikipedia,50,Developing (2-3yr)
Yinlong Group,1.95,December 2016[160],Energy,Private Unicorn,Wikipedia,50,Developing (2-3yr)
Sanpower Group,1.93,March 2018[160],Holding company,Private Unicorn,Wikipedia,50,Developing (2-3yr)
ZigBang,1.93,June 2022[347],Property technology,Private Unicorn,Wikipedia,50,Developing (2-3yr)
Bunq,1.9,July 2021[348],Financial services,Private Unicorn,Wikipedia,50,Developing (2-3yr)
CoinSwitch Kuber,1.9,October 2021[349],Cryptocurrency,Private Unicorn,Wikipedia,50,Developing (2-3yr)
Dfinity,1.9,August 2018[350],Cloud computing,Private Unicorn,Wikipedia,50,Developing (2-3yr)
Prosper Marketplace,1.9,August 2015[5],Financial technology,Private Unicorn,Wikipedia,50,Developing (2-3yr)
Musinsa,1.89,November 2019[291],Fashion,Private Unicorn,Wikipedia,50,Developing (2-3yr)
Apus Group,1.85,August 2017[160],Mobile internet,Private Unicorn,Wikipedia,50,Developing (2-3yr)
BenevolentAI,1.85,August 2015[5],Drug discovery,Private Unicorn,Wikipedia,50,Developing (2-3yr)
MEGAZONE,1.83,Aug 2022[351],Cloud computing,Private Unicorn,Wikipedia,50,Developing (2-3yr)
BillDesk,1.8,November 2018[352],Financial technology,Private Unicorn,Wikipedia,50,Developing (2-3yr)
Landa Digital Printing,1.8,June 2018[353],Printing,Private Unicorn,Wikipedia,50,Developing (2-3yr)
Lightricks,1.8,September 2021[354],Software development,Private Unicorn,Wikipedia,50,Developing (2-3yr)
NantOmics,1.8,June 2015[5],Biotechnology,Private Unicorn,Wikipedia,55,Developing (2-3yr)
Orca Security,1.8,October 2021[355],Cybersecurity,Private Unicorn,Wikipedia,50,Developing (2-3yr)
Quora,1.8,April 2017[356],Social network,Private Unicorn,Wikipedia,50,Developing (2-3yr)
Radiant Nuclear,1.8,December 2025[357],Energy Technology,Private Unicorn,Wikipedia,50,Developing (2-3yr)
Zocdoc,1.8,August 2015[5],Healthcare,Private Unicorn,Wikipedia,50,Developing (2-3yr)
L&P Cosmetic,1.78,March 2018[291],Cosmetics,Private Unicorn,Wikipedia,50,Developing (2-3yr)
Creditas,1.75,December 2020,Financial services,Private Unicorn,Wikipedia,50,Developing (2-3yr)
Spinny,1.75,November 2021[358],Marketplace,Private Unicorn,Wikipedia,50,Developing (2-3yr)
Trulioo,1.75,June 2021[359],Identity management,Private Unicorn,Wikipedia,50,Developing (2-3yr)
ADVASA,1.7,January 2023[360],Software,Private Unicorn,Wikipedia,50,Developing (2-3yr)
Dragos,1.7,October 2021[361],Cybersecurity,Private Unicorn,Wikipedia,50,Developing (2-3yr)
Dutchie.com,1.7,March 2021[362],Cannabis,Private Unicorn,Wikipedia,50,Developing (2-3yr)
GVE,1.7,January 2023[360],Software,Private Unicorn,Wikipedia,50,Developing (2-3yr)
Harness,1.7,June 2021[363],Software,Private Unicorn,Wikipedia,50,Developing (2-3yr)
PAX Labs,1.7,April 2019[364],Cannabis,Private Unicorn,Wikipedia,50,Developing (2-3yr)
Taihe Music Group,1.7,June 2018[160],,Private Unicorn,Wikipedia,50,Developing (2-3yr)
Vestiaire Collective,1.7,September 2021[365],Marketplace,Private Unicorn,Wikipedia,50,Developing (2-3yr)
Voodoo,1.7,August 2022[125],Gaming,Private Unicorn,Wikipedia,50,Developing (2-3yr)
VTEX,1.7,September 2020[366],Technology,Private Unicorn,Wikipedia,50,Developing (2-3yr)
Wave,1.7,September 2021[367],Financial technology,Private Unicorn,Wikipedia,50,Developing (2-3yr)
Workato,1.7,December 2020,Technology,Private Unicorn,Wikipedia,50,Developing (2-3yr)
Alan,1.68,April 2021[368],Health technology,Private Unicorn,Wikipedia,50,Developing (2-3yr)
GoStudent,1.67,June 2021[369],Educational technology,Private Unicorn,Wikipedia,50,Developing (2-3yr)
Incredible Health,1.65,August 2022[370],Healthcare Technology,Private Unicorn,Wikipedia,50,Developing (2-3yr)
HiBob,1.65,October 2021[371],HR technology,Private Unicorn,Wikipedia,50,Developing (2-3yr)
Solarisbank,1.65,July 2021[372],Financial technology,Private Unicorn,Wikipedia,50,Developing (2-3yr)
Wayflyer,1.6,Feb 2022[373],Financial technology,Private Unicorn,Wikipedia,50,Developing (2-3yr)
Afiniti,1.6,May 2017[374],Software development,Private Unicorn,Wikipedia,50,Developing (2-3yr)
Aiways,1.6,April 2018[160],Electric vehicles,Private Unicorn,Wikipedia,50,Developing (2-3yr)
Caocao Zhuanche,1.6,January 2018[160],,Private Unicorn,Wikipedia,50,Developing (2-3yr)
Cresta,1.6,March 2022[4],Artificial intelligence,Private Unicorn,Wikipedia,50,Developing (2-3yr)
Clari,1.6,March 2021[375],Software,Private Unicorn,Wikipedia,50,Developing (2-3yr)
Clio,1.6,April 2021[376],Legal technology,Private Unicorn,Wikipedia,50,Developing (2-3yr)
Cognite,1.6,May 2021,Software,Private Unicorn,Wikipedia,50,Developing (2-3yr)
HomeLight,1.6,September 2021[377],Real estate,Private Unicorn,Wikipedia,50,Developing (2-3yr)
Infinidat,1.6,October 2017,Data storage,Private Unicorn,Wikipedia,50,Developing (2-3yr)
Judo Bank,1.6,December 2020[378],Financial services,Private Unicorn,Wikipedia,50,Developing (2-3yr)
Nord Security,1.6,April 2022[379],VPN service,Private Unicorn,Wikipedia,50,Developing (2-3yr)
SafetyCulture,1.6,May 2021[380],Technology,Private Unicorn,Wikipedia,50,Developing (2-3yr)
SmartHR,1.6,May 2021[381],HR technology,Private Unicorn,Wikipedia,50,Developing (2-3yr)
Unite Us,1.6,March 2021[382],Healthcare,Private Unicorn,Wikipedia,50,Developing (2-3yr)
Vanta,1.6,June 2022[383],Cybersecurity,Private Unicorn,Wikipedia,50,Developing (2-3yr)
CureFit,1.56,November 2021[384],,Private Unicorn,Wikipedia,50,Developing (2-3yr)
HeartFlow,1.5+,February 2018[385],,Private Unicorn,Wikipedia,50,Developing (2-3yr)
Airbyte,1.5,December 2021[386],Software,Private Unicorn,Wikipedia,50,Developing (2-3yr)
Aihuishou,1.5,January 2018[160],,Private Unicorn,Wikipedia,50,Developing (2-3yr)
Andela,1.5,September 2021[387],Education,Private Unicorn,Wikipedia,50,Developing (2-3yr)
Culture Amp,1.5,July 2021[388],Software,Private Unicorn,Wikipedia,50,Developing (2-3yr)
"Devo, Inc.",1.5,October 2021[389],Software,Private Unicorn,Wikipedia,50,Developing (2-3yr)
Gett,1.5,May 2019[390],Transportation,Private Unicorn,Wikipedia,50,Developing (2-3yr)
ID.me,1.5,March 2021[391],Identity verification service,Private Unicorn,Wikipedia,50,Developing (2-3yr)
Ledger,1.5,June 2021[392],Cryptocurrency,Private Unicorn,Wikipedia,50,Developing (2-3yr)
Matillion,1.5,September 2021[393],Data analytics,Private Unicorn,Wikipedia,50,Developing (2-3yr)
MOLOCO,1.5,August 2021[394],Advertising technology,Private Unicorn,Wikipedia,50,Developing (2-3yr)
Molbio Diagnostics,1.5,February 2023[395],Medical device,Private Unicorn,Wikipedia,50,Developing (2-3yr)
Mu Sigma,1.5,February 2013[396],Management consulting,Private Unicorn,Wikipedia,50,Developing (2-3yr)
NextSilicon,1.5,June 2021[397],Semiconductors,Private Unicorn,Wikipedia,50,Developing (2-3yr)
NotCo,1.5,July 2021[398],Food technology,Private Unicorn,Wikipedia,50,Developing (2-3yr)
Podium,1.5,August 2019[399],Software,Private Unicorn,Wikipedia,50,Developing (2-3yr)
Remote,1.5,July 2021[400],Software,Private Unicorn,Wikipedia,50,Developing (2-3yr)
Spring Rain Software,1.5,June 2016[160],,Private Unicorn,Wikipedia,50,Developing (2-3yr)
Starling Bank,1.5,March 2021[402],Financial technology,Private Unicorn,Wikipedia,50,Developing (2-3yr)
5ire,1.5+,July 2022[403],Technology,Private Unicorn,Wikipedia,50,Developing (2-3yr)
Swvl,1.5,July 2021[404],Transportation,Private Unicorn,Wikipedia,50,Developing (2-3yr)
Tujia.com,1.5,October 2017[405][406],,Private Unicorn,Wikipedia,50,Developing (2-3yr)
ZBJ.com,1.5,June 2015[160],,Private Unicorn,Wikipedia,50,Developing (2-3yr)
Ascend Money,1.5,September 2021[407],Financial technology,Private Unicorn,Wikipedia,50,Developing (2-3yr)
Hellobike,1.47,June 2018[160],,Private Unicorn,Wikipedia,50,Developing (2-3yr)
Suning Sports,1.47,July 2018[160],Holding company,Private Unicorn,Wikipedia,50,Developing (2-3yr)
Koudai Gouwu,1.45,October 2014[160],,Private Unicorn,Wikipedia,50,Developing (2-3yr)
M1 Finance,1.45,July 2021[408],Financial technology,Private Unicorn,Wikipedia,50,Developing (2-3yr)
Zeta,1.45,May 2021[409],Financial technology,Private Unicorn,Wikipedia,50,Developing (2-3yr)
Einride,1.44,April 2022[87],Technology,Private Unicorn,Wikipedia,50,Developing (2-3yr)
Deliverect,1.4,January 2022[410],Ordering software for POS,Private Unicorn,Wikipedia,50,Developing (2-3yr)
Away,1.4,May 2019[411],Retail,Private Unicorn,Wikipedia,55,Developing (2-3yr)
OneCard,1.4+,July 2022[412],Financial technology,Private Unicorn,Wikipedia,50,Developing (2-3yr)
Bucketplace,1.4,May 2022[413],Interior design,Private Unicorn,Wikipedia,50,Developing (2-3yr)
Cabify,1.4,January 2018[414],Transportation,Private Unicorn,Wikipedia,50,Developing (2-3yr)
Chargebee,1.4,April 2021[415],Financial technology,Private Unicorn,Wikipedia,50,Developing (2-3yr)
Epidemic Sound,1.4,March 2021[416],Music,Private Unicorn,Wikipedia,50,Developing (2-3yr)
FiscalNote,1.4,May 2021[417],Data analytics,Private Unicorn,Wikipedia,50,Developing (2-3yr)
Five Star Finance,1.4,March 2021[418],Financial services,Private Unicorn,Wikipedia,50,Developing (2-3yr)
Gupshup,1.4,April 2021[419],Messaging,Private Unicorn,Wikipedia,50,Developing (2-3yr)
IAD,1.4,Oct 2021[420],Real estate,Private Unicorn,Wikipedia,50,Developing (2-3yr)
NetDocuments,1.4,May 2021[421],Software,Private Unicorn,Wikipedia,50,Developing (2-3yr)
"Panther Labs, Inc.",1.4,December 2021[422],Computer security,Private Unicorn,Wikipedia,50,Developing (2-3yr)
Pristyn Care,1.4,December 2021[423],Health technology,Private Unicorn,Wikipedia,50,Developing (2-3yr)
"QOMPLX, Inc.",1.4,March 2021,Computer security,Private Unicorn,Wikipedia,50,Developing (2-3yr)
Rebel Foods,1.4,October 2021[424],Ghost kitchen,Private Unicorn,Wikipedia,50,Developing (2-3yr)
Stash,1.4,February 2021[425],Financial technology,Private Unicorn,Wikipedia,50,Developing (2-3yr)
Symphony,1.4,June 2019[426][427],Software,Private Unicorn,Wikipedia,50,Developing (2-3yr)
Voyager,1.4,April 2022[428],Financial technology,Private Unicorn,Wikipedia,50,Developing (2-3yr)
Yotpo,1.4,March 2021[429],Marketing,Private Unicorn,Wikipedia,50,Developing (2-3yr)
RIDI,1.33,August 2021[430],E-commerce,Private Unicorn,Wikipedia,50,Developing (2-3yr)
Zetwerk,1.33,August 2021[431],,Private Unicorn,Wikipedia,50,Developing (2-3yr)
GPClub,1.32,December 2018[291],,Private Unicorn,Wikipedia,50,Developing (2-3yr)
DistroKid,1.3,August 2021[432],Music,Private Unicorn,Wikipedia,50,Developing (2-3yr)
ETCP,1.3,October 2016[160],,Private Unicorn,Wikipedia,50,Developing (2-3yr)
Feedzai,1.3,March 2021[433],Artificial intelligence,Private Unicorn,Wikipedia,50,Developing (2-3yr)
Innovaccer,1.3,February 2021[435],Health care,Private Unicorn,Wikipedia,50,Developing (2-3yr)
Knotel,1.3,August 2019[436],,Private Unicorn,Wikipedia,50,Developing (2-3yr)
Konfio,1.3,September 2021[437],Financial services,Private Unicorn,Wikipedia,50,Developing (2-3yr)
Kr Space,1.3,June 2018[160],,Private Unicorn,Wikipedia,50,Developing (2-3yr)
Yugabyte,1.3,October 2021[438],Database management,Private Unicorn,Wikipedia,50,Developing (2-3yr)
Cart.com,1.27,June 2023[439],Commerce and logistics,Private Unicorn,Wikipedia,50,Developing (2-3yr)
Incode,1.25,December 2021[441],Technology,Private Unicorn,Wikipedia,50,Developing (2-3yr)
Applied Intuition,1.25,October 2020[442],Software,Private Unicorn,Wikipedia,50,Developing (2-3yr)
BigID,1.25,May 2018[443],Cybersecurity,Private Unicorn,Wikipedia,50,Developing (2-3yr)
Deel,1.25,April 2021[444],,Private Unicorn,Wikipedia,50,Developing (2-3yr)
ezCater,1.25,April 2019[445],,Private Unicorn,Wikipedia,50,Developing (2-3yr)
Iwjw,1.25,November 2015[160],,Private Unicorn,Wikipedia,50,Developing (2-3yr)
Marshmallow,1.25,September 2021[446],Insurance,Private Unicorn,Wikipedia,50,Developing (2-3yr)
Rec Room,1.25,March 2021[447],Video games,Private Unicorn,Wikipedia,50,Developing (2-3yr)
Nexii,1.23,September 2021[448],Building services engineering,Private Unicorn,Wikipedia,50,Developing (2-3yr)
Spiber,1.22,September 2021[449],Biotechnology,Private Unicorn,Wikipedia,55,Developing (2-3yr)
Insider,1.22,March 2022[450],AI-poweredSaaS,Private Unicorn,Wikipedia,55,Developing (2-3yr)
Mamaearth,1.2,January 2022[451],Personal care,Private Unicorn,Wikipedia,50,Developing (2-3yr)
Merama,1.2,December 2021[452],E-commerce,Private Unicorn,Wikipedia,50,Developing (2-3yr)
Jokr,1.2,June 2021[453],Transportation,Private Unicorn,Wikipedia,50,Developing (2-3yr)
Ada,1.2,May 2021[454],Software,Private Unicorn,Wikipedia,50,Developing (2-3yr)
Alation,1.2,June 2021[455],Software,Private Unicorn,Wikipedia,50,Developing (2-3yr)
Apotea,1.2,April 2021[334],E-commerce,Private Unicorn,Wikipedia,50,Developing (2-3yr)
Axonius,1.2,March 2021[456],Cybersecurity,Private Unicorn,Wikipedia,50,Developing (2-3yr)
Byton,1.2,June 2018[160],Automotive,Private Unicorn,Wikipedia,50,Developing (2-3yr)
CarDekho,1.2,October 2021[457],Marketplace,Private Unicorn,Wikipedia,50,Developing (2-3yr)
Copado,1.2,September 2021,Software,Private Unicorn,Wikipedia,50,Developing (2-3yr)
Dada,1.2,August 2018[160],,Private Unicorn,Wikipedia,50,Developing (2-3yr)
Dental Monitoring,1.2,October 2021[458],Healthcare,Private Unicorn,Wikipedia,50,Developing (2-3yr)
Deutsche Health,1.2,August 2020[160],Biotech/Medical,Private Unicorn,Wikipedia,55,Developing (2-3yr)
Droom,1.2,July 2021[459],Marketplace,Private Unicorn,Wikipedia,50,Developing (2-3yr)
Fair,1.2,December 2018[460],,Private Unicorn,Wikipedia,50,Developing (2-3yr)
FirstCry,1.2,February 2020[461],E-commerce,Private Unicorn,Wikipedia,50,Developing (2-3yr)
FloQast,1.2,July 2021[462],Software,Private Unicorn,Wikipedia,50,Developing (2-3yr)
Forto,1.2,June 2021[463],Software,Private Unicorn,Wikipedia,50,Developing (2-3yr)
Glossier,1.2,March 2019[464],,Private Unicorn,Wikipedia,50,Developing (2-3yr)
Intercom,1.2,March 2018[465],Software,Private Unicorn,Wikipedia,50,Developing (2-3yr)
Kyriba,1.2,October 2021[466],Cloud software,Private Unicorn,Wikipedia,50,Developing (2-3yr)
MindTickle,1.2,August 2021[467],Software as a service,Private Unicorn,Wikipedia,50,Developing (2-3yr)
MyGlamm,1.2,November 2021[468],E-commerce,Private Unicorn,Wikipedia,50,Developing (2-3yr)
Triple-1,1.2,January 2023[360],Blockchain,Private Unicorn,Wikipedia,55,Developing (2-3yr)
Rohlik,1.2,June 2021[469],Retail,Private Unicorn,Wikipedia,55,Developing (2-3yr)
upGrad,1.2,August 2021[470],Educational technology,Private Unicorn,Wikipedia,50,Developing (2-3yr)
Workhuman,1.2,June 2020[471],Software,Private Unicorn,Wikipedia,50,Developing (2-3yr)
Sysdig,1.18,April 2021[472],Cybersecurity,Private Unicorn,Wikipedia,50,Developing (2-3yr)
Deputy,1.1,March 2024[473],Workforce management software,Private Unicorn,Wikipedia,50,Developing (2-3yr)
"3DOM Alliance, Inc.",1.1,January 2023[360],Battery manufacturing,Private Unicorn,Wikipedia,50,Developing (2-3yr)
Physics Wallah,1.1,June 2022[474],Educational technology,Private Unicorn,Wikipedia,50,Developing (2-3yr)
Acko,1.1,October 2021[475],Insurance,Private Unicorn,Wikipedia,50,Developing (2-3yr)
Apna,1.1,September 2021[476],,Private Unicorn,Wikipedia,50,Developing (2-3yr)
Carousell,1.1,September 2021[477],Marketplace,Private Unicorn,Wikipedia,50,Developing (2-3yr)
CoinDCX,1.1,August 2021[478],Cryptocurrency,Private Unicorn,Wikipedia,50,Developing (2-3yr)
Purplle,1.1,June 2022[479],E-Commerce,Private Unicorn,Wikipedia,50,Developing (2-3yr)
GlobalBees,1.1,December 2021[480],,Private Unicorn,Wikipedia,50,Developing (2-3yr)
Luoji Siwei,1.1,September 2017[160],,Private Unicorn,Wikipedia,50,Developing (2-3yr)
Nexthink,1.1,February 2021[481],Technology,Private Unicorn,Wikipedia,50,Developing (2-3yr)
Sisense,1.1,January 2020[482],Business intelligence,Private Unicorn,Wikipedia,50,Developing (2-3yr)
Drools,1.1,January 2023[483],Pet food,Private Unicorn,Wikipedia,50,Developing (2-3yr)
SmartNews,1.1,August 2019[484],,Private Unicorn,Wikipedia,50,Developing (2-3yr)
Substack,1.1,July 2025[485],Media and Publishing,Private Unicorn,Wikipedia,50,Developing (2-3yr)
Trax,1.1,May 2019[486],,Private Unicorn,Wikipedia,50,Developing (2-3yr)
Virta Health,1.1,December 2020[487],Healthcare,Private Unicorn,Wikipedia,50,Developing (2-3yr)
YouniteD,1.1,December 2022[488],Financial services,Private Unicorn,Wikipedia,50,Developing (2-3yr)
Benevity,1.1,December 2020[489],Software as a service,Private Unicorn,Wikipedia,50,Developing (2-3yr)
Zego,1.1,March 2021[490],Insurance,Private Unicorn,Wikipedia,50,Developing (2-3yr)
Fawry,1.1,August 2020[491],Fintech,Private Unicorn,Wikipedia,50,Developing (2-3yr)
Rivigo,1.05,October 2019[492],Logistics,Private Unicorn,Wikipedia,50,Developing (2-3yr)
Aprogen,1.04,December 2019[347],,Private Unicorn,Wikipedia,50,Developing (2-3yr)
Substrate,1+,October 2025[493],Semiconductor,Private Unicorn,Wikipedia,50,Developing (2-3yr)
Character.ai,1+,March 2023(2023-03)[494],Artificial Intelligence,Private Unicorn,Wikipedia,50,Developing (2-3yr)
Pentera,1+,January 2022[495],Cybersecurity,Private Unicorn,Wikipedia,50,Developing (2-3yr)
"VectorBuilder, Inc.",1+,"July 26, 2023[497]",Biotechnology,Private Unicorn,Wikipedia,55,Developing (2-3yr)
Emplifi,1+,March 2022[498],Technology,Private Unicorn,Wikipedia,50,Developing (2-3yr)
Gymshark,1+,August 2020[499],Sportswear,Private Unicorn,Wikipedia,50,Developing (2-3yr)
Kopi Kenangan,1+,December 2021[500],Coffee shop,Private Unicorn,Wikipedia,50,Developing (2-3yr)
Clara,1+,December 2021[501],Financial technology,Private Unicorn,Wikipedia,50,Developing (2-3yr)
ClassDojo,1.25,July 2022[502],Education Technology,Private Unicorn,Wikipedia,50,Developing (2-3yr)
58 Daojia,1+,October 2015[160],,Private Unicorn,Wikipedia,50,Developing (2-3yr)
Acronis,1+,September 2019[503],Software,Private Unicorn,Wikipedia,50,Developing (2-3yr)
Aircall,1+,October 2021[504],Cloud,Private Unicorn,Wikipedia,50,Developing (2-3yr)
Ajaib,1+,October 2021[505],Financial technology,Private Unicorn,Wikipedia,50,Developing (2-3yr)
Amber Group,1+,June 2021[506],Cryptocurrency,Private Unicorn,Wikipedia,50,Developing (2-3yr)
AppDirect,1+,October 2015[507],,Private Unicorn,Wikipedia,50,Developing (2-3yr)
Aqua Security,1+,March 2021[508],Cloud computing,Private Unicorn,Wikipedia,50,Developing (2-3yr)
Asia First Media,1+,September 2019[509],Media,Private Unicorn,Wikipedia,50,Developing (2-3yr)
Assent Compliance,1+,January 2022[510],Supply chain management,Private Unicorn,Wikipedia,55,Developing (2-3yr)
Krutrim,1+,26 January 2024[511],AI / GPT,Private Unicorn,Wikipedia,55,Developing (2-3yr)
Beibei,1+,June 2016[160],E-commerce,Private Unicorn,Wikipedia,50,Developing (2-3yr)
Blackbuck,1+,July 2021[512],Logistics,Private Unicorn,Wikipedia,50,Developing (2-3yr)
Bluecore,1+,August 2021[514],E-commerce,Private Unicorn,Wikipedia,50,Developing (2-3yr)
Bringg,1+,June 2021[515],Logistics,Private Unicorn,Wikipedia,50,Developing (2-3yr)
"Cadence Solutions, Inc.",1+,December 2021[516],Healthcare,Private Unicorn,Wikipedia,50,Developing (2-3yr)
Calabrio,1+,March 2021[517],Software,Private Unicorn,Wikipedia,50,Developing (2-3yr)
Carro,1+,June 2021[518],Marketplace,Private Unicorn,Wikipedia,50,Developing (2-3yr)
Carsome,1+,July 2021[519],Marketplace,Private Unicorn,Wikipedia,50,Developing (2-3yr)
Chubao Technology,1+,May 2017[160],,Private Unicorn,Wikipedia,50,Developing (2-3yr)
Dt Dream,1+,June 2017[160],,Private Unicorn,Wikipedia,50,Developing (2-3yr)
Dunamu,1+,Jul 2021[520],Financial technology,Private Unicorn,Wikipedia,50,Developing (2-3yr)
DXY,1+,April 2018[160],,Private Unicorn,Wikipedia,50,Developing (2-3yr)
Earnix,1+,February 2021[521],Financial technology,Private Unicorn,Wikipedia,50,Developing (2-3yr)
Ebanx,1+,October 2019[522],Financial services,Private Unicorn,Wikipedia,50,Developing (2-3yr)
EMPG,1+,June 2020[523],Real estate technology,Private Unicorn,Wikipedia,50,Developing (2-3yr)
eSentire,1+,Feb 2022[524],Cybersecurity,Private Unicorn,Wikipedia,50,Developing (2-3yr)
Flash Express,1+,June 2021[525][526],Logistics,Private Unicorn,Wikipedia,50,Developing (2-3yr)
Flexe,1+,July 2022[527],Logistics,Private Unicorn,Wikipedia,50,Developing (2-3yr)
Flutterwave,1+,March 2021[528],Financial technology,Private Unicorn,Wikipedia,50,Developing (2-3yr)
Fractal,1+,January 2022,Artificial intelligence,Private Unicorn,Wikipedia,50,Developing (2-3yr)
FreshBooks,1+,August 2021[529],Accounting software,Private Unicorn,Wikipedia,50,Developing (2-3yr)
Frontline Education,1+,September 2017[530],,Private Unicorn,Wikipedia,50,Developing (2-3yr)
FXiaoKe,1+,January 2018[160],,Private Unicorn,Wikipedia,50,Developing (2-3yr)
Gelato,1+,August 2021[531],,Private Unicorn,Wikipedia,50,Developing (2-3yr)
GeoComply,1+,March 2021[532],Cybersecurity,Private Unicorn,Wikipedia,50,Developing (2-3yr)
GetYourGuide,1+,May 2019[533],Travel,Private Unicorn,Wikipedia,50,Developing (2-3yr)
Glance,1+,December 2020[534],Artificial intelligence,Private Unicorn,Wikipedia,50,Developing (2-3yr)
Go1,1+,July 2021[535],Education,Private Unicorn,Wikipedia,50,Developing (2-3yr)
GoGoVan,1+,September 2017[536],Technology,Private Unicorn,Wikipedia,50,Developing (2-3yr)
Gorillas,1+,March 2021[537],Retail,Private Unicorn,Wikipedia,55,Developing (2-3yr)
Gousto,1+,November 2020,Meal kit,Private Unicorn,Wikipedia,50,Developing (2-3yr)
Blinkit,1+,June 2021[538],Retail,Private Unicorn,Wikipedia,55,Developing (2-3yr)
Grover,1+,April 2022[539],E-commerce,Private Unicorn,Wikipedia,50,Developing (2-3yr)
Grove Collaborative,1+,September 2019,,Private Unicorn,Wikipedia,50,Developing (2-3yr)
Hailo,1+,June 2021[540],Electronics,Private Unicorn,Wikipedia,50,Developing (2-3yr)
HighRadius,1+,January 2020[541],Software as a service,Private Unicorn,Wikipedia,50,Developing (2-3yr)
Huikedu Group,1+,May 2018[160],,Private Unicorn,Wikipedia,50,Developing (2-3yr)
iCarbonX,1+,July 2016[160],Healthcare,Private Unicorn,Wikipedia,50,Developing (2-3yr)
IFood,1+,November 2018[542],Food delivery,Private Unicorn,Wikipedia,50,Developing (2-3yr)
IGAWorks,1+,Aug 2021[543],Advertising technology,Private Unicorn,Wikipedia,50,Developing (2-3yr)
Improbable,1+,May 2017[544],Cloud computing,Private Unicorn,Wikipedia,50,Developing (2-3yr)
Infobip,1+,July 2020[545],Cloud communications,Private Unicorn,Wikipedia,50,Developing (2-3yr)
Injective,1+,April 2021[546],Financial technology,Private Unicorn,Wikipedia,50,Developing (2-3yr)
InMobi,1+,May 2017[547],Internet,Private Unicorn,Wikipedia,50,Developing (2-3yr)
InVision,1+,November 2017[548],,Private Unicorn,Wikipedia,50,Developing (2-3yr)
Ivalua,1+,May 2020[549],,Private Unicorn,Wikipedia,50,Developing (2-3yr)
Jollychic,1+,May 2018[160],,Private Unicorn,Wikipedia,50,Developing (2-3yr)
JoyTunes,1+,June 2021[550],Music,Private Unicorn,Wikipedia,50,Developing (2-3yr)
Just Salad,1+,February 2025[551],Restaurants,Private Unicorn,Wikipedia,50,Developing (2-3yr)
Kendra Scott LLC,1+,December 2016[552],Jewelery,Private Unicorn,Wikipedia,50,Developing (2-3yr)
Kitopi,1+,July 2021[553],Ghost kitchen,Private Unicorn,Wikipedia,50,Developing (2-3yr)
Klook,1+,April 2019[554][555],,Private Unicorn,Wikipedia,50,Developing (2-3yr)
Lamabang,1+,February 2017[160],,Private Unicorn,Wikipedia,50,Developing (2-3yr)
LetsGetChecked,1+,June 2021[556],Healthcare,Private Unicorn,Wikipedia,50,Developing (2-3yr)
Licious,1+,October 2021[557],Retail,Private Unicorn,Wikipedia,55,Developing (2-3yr)
Lydia,1+,August 2022[125],Finance,Private Unicorn,Wikipedia,50,Developing (2-3yr)
Lilium GmbH,1+,June 2020[558],Transportation,Private Unicorn,Wikipedia,50,Developing (2-3yr)
LinkSure Network (WiFi Master Key),1+,January 2015[160],,Private Unicorn,Wikipedia,50,Developing (2-3yr)
Liquid Group,1+,April 2019[559],Cryptocurrency,Private Unicorn,Wikipedia,50,Developing (2-3yr)
LMAX Group,1+,July 2021[560],Financial technology,Private Unicorn,Wikipedia,50,Developing (2-3yr)
Locus Robotics,1+,February 2021[561],Robotics,Private Unicorn,Wikipedia,55,Developing (2-3yr)
Loft Brazil Technology,1+,January 2020[562],Real estate,Private Unicorn,Wikipedia,50,Developing (2-3yr)
Lunar,1+,July 2021[563],Financial technology,Private Unicorn,Wikipedia,50,Developing (2-3yr)
Loggi,1+,June 2019,Logistics,Private Unicorn,Wikipedia,50,Developing (2-3yr)
Lookout,1+,August 2014[564],Cybersecurity,Private Unicorn,Wikipedia,50,Developing (2-3yr)
MadeiraMadeira,1+,January 2021[565],Furniture,Private Unicorn,Wikipedia,50,Developing (2-3yr)
Maimai,1+,August 2018[566],,Private Unicorn,Wikipedia,50,Developing (2-3yr)
Masterworks,1+,November 2025[567],Financial Technology,Private Unicorn,Wikipedia,50,Developing (2-3yr)
Matrixport,1+,August 2021[568],Cryptocurrency,Private Unicorn,Wikipedia,50,Developing (2-3yr)
Meero,1+,June 2019[569],Internet,Private Unicorn,Wikipedia,50,Developing (2-3yr)
Mensa Brands,1+,November 2021[570],E-commerce,Private Unicorn,Wikipedia,50,Developing (2-3yr)
Mia.com,1+,October 2016[160],,Private Unicorn,Wikipedia,50,Developing (2-3yr)
MindMaze,1+,February 2016[571],,Private Unicorn,Wikipedia,50,Developing (2-3yr)
MobiKwik,1+,October 2021[572],Financial technology,Private Unicorn,Wikipedia,50,Developing (2-3yr)
MobileCoin,1+,August 2021[573],Cryptocurrency,Private Unicorn,Wikipedia,50,Developing (2-3yr)
Mobvoi,1+,October 2015[160],Artificial intelligence,Private Unicorn,Wikipedia,50,Developing (2-3yr)
Mofang Apartment,1+,April 2016[160],,Private Unicorn,Wikipedia,50,Developing (2-3yr)
Moglix,1+,May 2021[574],E-commerce,Private Unicorn,Wikipedia,50,Developing (2-3yr)
Moka,1+,November 2021[575],Human resource management,Private Unicorn,Wikipedia,50,Developing (2-3yr)
Morning Consult,1+,June 2021[576],,Private Unicorn,Wikipedia,50,Developing (2-3yr)
Ninja Van,1+,September 2021[577],Logistics,Private Unicorn,Wikipedia,50,Developing (2-3yr)
Nium,1+,July 2021[578],Financial technology,Private Unicorn,Wikipedia,50,Developing (2-3yr)
NoBroker,1+,November 2021[579],,Private Unicorn,Wikipedia,50,Developing (2-3yr)
Numbrs,1+,August 2019[580],Financial technology,Private Unicorn,Wikipedia,50,Developing (2-3yr)
Kredivo,1+,January 2022,Financial technology,Private Unicorn,Wikipedia,50,Developing (2-3yr)
OCSiAl,1+,March 2019[581],Nanotechnology,Private Unicorn,Wikipedia,50,Developing (2-3yr)
Opn (Synqa),1+,May 2022[582],Financial technology,Private Unicorn,Wikipedia,50,Developing (2-3yr)
OrCam,1+,February 2018[583],Health,Private Unicorn,Wikipedia,50,Developing (2-3yr)
PandaDoc,1+,September 2021[584],Software as a service,Private Unicorn,Wikipedia,50,Developing (2-3yr)
Pantheon Systems,1+,July 2021[585],WebOps,Private Unicorn,Wikipedia,50,Developing (2-3yr)
PatSnap,1+,March 2021[586],Intellectual property,Private Unicorn,Wikipedia,50,Developing (2-3yr)
Perimeter 81,1,June 2022[587],Network security,Private Unicorn,Wikipedia,50,Developing (2-3yr)
Picsart,1+,August 2021[588],Graphic design,Private Unicorn,Wikipedia,50,Developing (2-3yr)
Pipedrive,1+,November 2020[589],Customer relationship management (CRM),Private Unicorn,Wikipedia,50,Developing (2-3yr)
Playco,1+,September 2020[590],Mobile gaming,Private Unicorn,Wikipedia,50,Developing (2-3yr)
"Printful, Inc",1+,May 2021[591],Technology,Private Unicorn,Wikipedia,50,Developing (2-3yr)
Redis Labs,1+,August 2020[592],Software,Private Unicorn,Wikipedia,50,Developing (2-3yr)
REEF Technology,1+,November 2020[593],Real estate technology,Private Unicorn,Wikipedia,50,Developing (2-3yr)
Quizlet,1+,May 2020[594],Educational technology,Private Unicorn,Wikipedia,50,Developing (2-3yr)
Revolution Precrafted,1+,October 2017[595],Architecture,Private Unicorn,Wikipedia,50,Developing (2-3yr)
Rubicon Global,1+,September 2017[596],Waste management,Private Unicorn,Wikipedia,50,Developing (2-3yr)
Sennder,1+,January 2021[597],Logistics,Private Unicorn,Wikipedia,50,Developing (2-3yr)
Shift Technology,1+,May 2021[598],Artificial intelligence,Private Unicorn,Wikipedia,50,Developing (2-3yr)
Shippo,1+,June 2021[599],,Private Unicorn,Wikipedia,50,Developing (2-3yr)
Sift,1+,April 2021[600],Fraud prevention,Private Unicorn,Wikipedia,50,Developing (2-3yr)
Slice,1+,November 2021[601],Financial technology,Private Unicorn,Wikipedia,50,Developing (2-3yr)
SmartAsset,1+,June 2021[602],Financial technology,Private Unicorn,Wikipedia,50,Developing (2-3yr)
SmartMore,1+,June 2021[603],Artificial intelligence,Private Unicorn,Wikipedia,50,Developing (2-3yr)
Snapdeal,1+,May 2017[5],E-commerce,Private Unicorn,Wikipedia,50,Developing (2-3yr)
Socar,1+,October 2020[604],Car sharing,Private Unicorn,Wikipedia,50,Developing (2-3yr)
SoundHound,1+,May 2018[605],,Private Unicorn,Wikipedia,50,Developing (2-3yr)
Spendesk,1+,August 2022[125],Financial software,Private Unicorn,Wikipedia,50,Developing (2-3yr)
Splashtop,1+,January 2021[606],Software,Private Unicorn,Wikipedia,50,Developing (2-3yr)
Staffbase,1.1,March 2022[607],Software as a service,Private Unicorn,Wikipedia,50,Developing (2-3yr)
Swile,1+,October 2021[608],Financial services,Private Unicorn,Wikipedia,50,Developing (2-3yr)
Synthesia,1+,June 2023[609],Artificial intelligence,Private Unicorn,Wikipedia,50,Developing (2-3yr)
Tekion,1+,October 2020[610][611],Software as a service,Private Unicorn,Wikipedia,50,Developing (2-3yr)
Tenstorrent,1+,May 2021[612],Semiconductors,Private Unicorn,Wikipedia,50,Developing (2-3yr)
Tezign,1+,October 2021[613],Software,Private Unicorn,Wikipedia,50,Developing (2-3yr)
Tongdun Technology,1+,October 2017[160],,Private Unicorn,Wikipedia,50,Developing (2-3yr)
Tractable,1+,June 2021[614],Artificial intelligence,Private Unicorn,Wikipedia,50,Developing (2-3yr)
Tresata,1+,October 2018[615],,Private Unicorn,Wikipedia,50,Developing (2-3yr)
TrueLayer,1+,September 2021[616],Financial technology,Private Unicorn,Wikipedia,50,Developing (2-3yr)
Trustly,1+,June 2020[617],Financial technology,Private Unicorn,Wikipedia,50,Developing (2-3yr)
Turo,1+,July 2019[618],Car sharing,Private Unicorn,Wikipedia,50,Developing (2-3yr)
Udacity,1+,November 2015[619],Education,Private Unicorn,Wikipedia,50,Developing (2-3yr)
Unisound,1+,July 2018[160],Technology,Private Unicorn,Wikipedia,50,Developing (2-3yr)
Vagaro,1+,November 2021[620],Software as a service,Private Unicorn,Wikipedia,50,Developing (2-3yr)
Vedantu,1+,September 2021[621],Educational technology,Private Unicorn,Wikipedia,50,Developing (2-3yr)
Blibli,1+,December 2021,E-commerce,Private Unicorn,Wikipedia,50,Developing (2-3yr)
Verbit,1+,June 2021[622],Software,Private Unicorn,Wikipedia,50,Developing (2-3yr)
VerSe Innovation,1+,December 2020[623],Technology,Private Unicorn,Wikipedia,50,Developing (2-3yr)
Visier,1+,June 2021[624],Technology,Private Unicorn,Wikipedia,50,Developing (2-3yr)
volocopter,1+,March 2021[625],Transportation,Private Unicorn,Wikipedia,50,Developing (2-3yr)
Vox Media,1+,August 2015[626],Digital media,Private Unicorn,Wikipedia,50,Developing (2-3yr)
VTS,1+,May 2019[627],,Private Unicorn,Wikipedia,50,Developing (2-3yr)
Wacai.com,1+,July 2018[160],,Private Unicorn,Wikipedia,50,Developing (2-3yr)
WeLab,1+,December 2019[628],Financial technology,Private Unicorn,Wikipedia,50,Developing (2-3yr)
Womai,1+,October 2015[160],,Private Unicorn,Wikipedia,50,Developing (2-3yr)
Xendit,1+,September 2021[629],Financial technology,Private Unicorn,Wikipedia,50,Developing (2-3yr)
Xiaozhu.com,1+,November 2017[160],,Private Unicorn,Wikipedia,50,Developing (2-3yr)
YH Global,1+,September 2017[160],Telecommunications,Private Unicorn,Wikipedia,50,Developing (2-3yr)
Yidian Zixun,1+,October 2017[160],,Private Unicorn,Wikipedia,50,Developing (2-3yr)
Yitu Technology,1+,July 2018[160],,Private Unicorn,Wikipedia,50,Developing (2-3yr)
YunQuNa,1+,May 2021[630],Logistics,Private Unicorn,Wikipedia,50,Developing (2-3yr)
Zenoti,1+,December 2020[631],Software company,Private Unicorn,Wikipedia,50,Developing (2-3yr)
Zhaogang.com,1+,July 2017[160],,Private Unicorn,Wikipedia,50,Developing (2-3yr)
Zhuanzhuan,1+,April 2017[160],,Private Unicorn,Wikipedia,50,Developing (2-3yr)
Zuoyebang,1+,July 2018[160],,Private Unicorn,Wikipedia,50,Developing (2-3yr)
eFishery,1+,May 2023,Aquaculture,Private Unicorn,Wikipedia,50,Developing (2-3yr)
LINE MAN Wongnai,1+,September 2022[160],"E-commerce,Food delivery",Private Unicorn,Wikipedia,50,Developing (2-3yr)
ReliaQuest,1+,December 2021[632],Cybersecurity,Private Unicorn,Wikipedia,50,Developing (2-3yr)
DANA,1+,September 2022,Financial technology,Private Unicorn,Wikipedia,50,Developing (2-3yr)
Nagad,1+,July 2023[633][634],Mobile financial services,Private Unicorn,Wikipedia,50,Developing (2-3yr)
Deezer,1,August 2022[125],Music,Private Unicorn,Wikipedia,50,Developing (2-3yr)
Ecovadis,1,August 2022[125],"Environmental, social, and corporate governance",Private Unicorn,Wikipedia,50,Developing (2-3yr)
Scandit,1,February 2022[635],Software,Private Unicorn,Wikipedia,50,Developing (2-3yr)
BlueVoyant,1+,February 2022[636],Cybersecurity,Private Unicorn,Wikipedia,50,Developing (2-3yr)
Payhawk,1+,March 2022[637],Financial technology,Private Unicorn,Wikipedia,50,Developing (2-3yr)
Voi,1+,April 2022[87],,Private Unicorn,Wikipedia,50,Developing (2-3yr)
Neo Financial,1,May 2022[638],Financial technology,Private Unicorn,Wikipedia,50,Developing (2-3yr)
Stytch,1,November 2021[639],Cybersecurity,Private Unicorn,Wikipedia,50,Developing (2-3yr)
Epassi,1+,December 2023[640],Employee benefits platform,Private Unicorn,Wikipedia,50,Developing (2-3yr)
HMD Global,1+,August 2020[641],Mobile Devices,Private Unicorn,Wikipedia,50,Developing (2-3yr)
IQM,1,July 2022[642],Quantum Computing,Private Unicorn,Wikipedia,55,Developing (2-3yr)
Hostaway,1,December 2024[643],Vacation rental software platform,Private Unicorn,Wikipedia,50,Developing (2-3yr)
Papara,1,July 2023[644],Fintech,Private Unicorn,Wikipedia,50,Developing (2-3yr)
MNT-Halan,1+,February 2023[645][646],Fintech,Private Unicorn,Wikipedia,50,Developing (2-3yr)
Uber,72,August 2018[647],May 2019[648],Private Unicorn,Wikipedia,50,Developing (2-3yr)
DiDi,62,July 2019[649],June 2021[650],Private Unicorn,Wikipedia,50,Developing (2-3yr)
Facebook,50,January 2011,May 2012[651],Private Unicorn,Wikipedia,50,Developing (2-3yr)
Xiaomi,45,April 2015,July 2018[652],Private Unicorn,Wikipedia,50,Developing (2-3yr)
Alibaba,42,June 2016,September 2014[653],Private Unicorn,Wikipedia,50,Developing (2-3yr)
Lufax,39.4,March 2019,October 2020[654],Private Unicorn,Wikipedia,50,Developing (2-3yr)
UiPath,35,February 2021[655],April 2021[656],Private Unicorn,Wikipedia,50,Developing (2-3yr)
Airbnb,31,March 2017[657],December 2020[658],Private Unicorn,Wikipedia,50,Developing (2-3yr)
Nubank,30.25,June 2021[659],December 2021,Private Unicorn,Wikipedia,50,Developing (2-3yr)
Meituan-Dianping,30,October 2017[160],September 2018[660],Private Unicorn,Wikipedia,50,Developing (2-3yr)
Kuaishou,28,December 2019[661],January 2021[662],Private Unicorn,Wikipedia,50,Developing (2-3yr)
Instacart,24,March 2022(2022-03)[14],September 2023[663],Private Unicorn,Wikipedia,50,Developing (2-3yr)
Coreweave,23,March 2025[664],March 2025[664],Private Unicorn,Wikipedia,50,Developing (2-3yr)
J&T Express,20,October 2023,October 2023,Private Unicorn,Wikipedia,50,Developing (2-3yr)
CATL,20.0,March 2018[665],June 2018[666],Private Unicorn,Wikipedia,50,Developing (2-3yr)
Tencent Music,18,January 2018,December 2018[667],Private Unicorn,Wikipedia,50,Developing (2-3yr)
DoorDash,16,June 2020[668],December 2020[669],Private Unicorn,Wikipedia,50,Developing (2-3yr)
Snap Inc,19.3,May 2016[5],March 2017[670][671],Private Unicorn,Wikipedia,50,Developing (2-3yr)
Flipkart,15.5,May 2015[672],May 2018[673],Private Unicorn,Wikipedia,50,Developing (2-3yr)
Paytm,3.2,February 2024[674],November 2021[675],Private Unicorn,Wikipedia,50,Developing (2-3yr)
Lyft,15.1,June 2018[676],March 2019[677],Private Unicorn,Wikipedia,50,Developing (2-3yr)
Adyen,15.1,March 2018[5],June 2018[678],Private Unicorn,Wikipedia,50,Developing (2-3yr)
Pinduoduo,15,April 2018[160],July 2018[679],Private Unicorn,Wikipedia,50,Developing (2-3yr)
Grab,14,March 2019[680],December 2021[681],Private Unicorn,Wikipedia,50,Developing (2-3yr)
Pinterest,13.0,July 2018[682],April 2019[683],Private Unicorn,Wikipedia,50,Developing (2-3yr)
Snowflake,12.4,Feb 2020[684],Dec 2020[684],Private Unicorn,Wikipedia,50,Developing (2-3yr)
Robinhood,11.7,September 2020[685],July 2021[686],Private Unicorn,Wikipedia,50,Developing (2-3yr)
Dropbox,10,January 2014[689],March 2018[690],Private Unicorn,Wikipedia,50,Developing (2-3yr)
Squarespace,10,March 2021[691],May 2021[692],Private Unicorn,Wikipedia,50,Developing (2-3yr)
Gojek,10,April 2019[693],May 2021[694],Private Unicorn,Wikipedia,50,Developing (2-3yr)
Zynga,9.1,February 2011,December 2011[695],Private Unicorn,Wikipedia,50,Developing (2-3yr)
Coupang,9,November 2018[696],March 2021[697],Private Unicorn,Wikipedia,50,Developing (2-3yr)
Spotify,8.53,March 2016[5],April 2018[698],Private Unicorn,Wikipedia,50,Developing (2-3yr)
Skype,8.5,May 2011,September 2015[699],Private Unicorn,Wikipedia,50,Developing (2-3yr)
Wolt,8.1,November 2021[700],September 2021[701],Private Unicorn,Wikipedia,50,Developing (2-3yr)
Toast,8,November 2020[702],September 2021[703],Private Unicorn,Wikipedia,50,Developing (2-3yr)
Twitter,8,September 2011,November 2013[704],Private Unicorn,Wikipedia,50,Developing (2-3yr)
Coinbase,8,October 2018[705],April 2021[706],Private Unicorn,Wikipedia,50,Developing (2-3yr)
Argo AI,7.25,July 2020[707],October 2022[708],Private Unicorn,Wikipedia,50,Developing (2-3yr)
Tokopedia,7,December 2018[709],May 2021[694],Private Unicorn,Wikipedia,50,Developing (2-3yr)
Deliveroo,7.0,January 2021[710],March 2021[711][712],Private Unicorn,Wikipedia,50,Developing (2-3yr)
Roivant Sciences,7,November 2018[713],September 2021[714],Private Unicorn,Wikipedia,50,Developing (2-3yr)
Slack Technologies,7.0,August 2018[715],,Private Unicorn,Wikipedia,50,Developing (2-3yr)
WeWork,7,November 2019[716],October 2021[717],Private Unicorn,Wikipedia,50,Developing (2-3yr)
"Compass, Inc.",6.4,July 2019[718][719],April 2021,Private Unicorn,Wikipedia,50,Developing (2-3yr)
Gitlab,6,January 2021[720],October 2021[721],Private Unicorn,Wikipedia,50,Developing (2-3yr)
Square,6,October 2014,November 2015[723],Private Unicorn,Wikipedia,50,Developing (2-3yr)
SoFi,6,May 2020,May 2021[724],Private Unicorn,Wikipedia,50,Developing (2-3yr)
Zomato,5.4,February 2021[725],July 2021,Private Unicorn,Wikipedia,50,Developing (2-3yr)
Samsara,5.4,May 2020[726],December 2021[727],Private Unicorn,Wikipedia,50,Developing (2-3yr)
Stemcentrx,5,September 2015,April 2016[728],Private Unicorn,Wikipedia,50,Developing (2-3yr)
dLocal,5.0,April 2021[729],June 2021[730],Private Unicorn,Wikipedia,50,Developing (2-3yr)
Groupon,4.75,December 2010[731],November 2011[732],Private Unicorn,Wikipedia,50,Developing (2-3yr)
Krafton,5,August 2021[733],August 2021,Private Unicorn,Wikipedia,50,Developing (2-3yr)
Confluent,4.5,April 2020[734],June 2021[735],Private Unicorn,Wikipedia,50,Developing (2-3yr)
Ucar,4.4,March 2017,July 2016[736],Private Unicorn,Wikipedia,50,Developing (2-3yr)
Zalando,4.03,November 2013,October 2014[737][738],Private Unicorn,Wikipedia,50,Developing (2-3yr)
Amplitude,4,June 2021[739],September 2021[740],Private Unicorn,Wikipedia,50,Developing (2-3yr)
Peloton,4.0,August 2018[741],September 2019,Private Unicorn,Wikipedia,50,Developing (2-3yr)
Credit Karma,4,March 2018[742],December 2020,Private Unicorn,Wikipedia,50,Developing (2-3yr)
Ginkgo Bioworks,4,September 2019[743],September 2021[744],Private Unicorn,Wikipedia,50,Developing (2-3yr)
Lending Club,3.8,August 2014,December 2014[745],Private Unicorn,Wikipedia,50,Developing (2-3yr)
Sea Limited,3.7,March 2016,October 2017[746],Private Unicorn,Wikipedia,50,Developing (2-3yr)
Freshworks,3.5,November 2019,September 2021[747],Private Unicorn,Wikipedia,50,Developing (2-3yr)
Bukalapak,3.5,April 2021[160],August 2021[748],Private Unicorn,Wikipedia,50,Developing (2-3yr)
Wise,3.5,May 2019[749],July 2021[750],Private Unicorn,Wikipedia,50,Developing (2-3yr)
Zhihu,3.5,August 2019[751],March 2021[752],Private Unicorn,Wikipedia,50,Developing (2-3yr)
Atlassian,3.3,April 2014,December 2015[753],Private Unicorn,Wikipedia,50,Developing (2-3yr)
e-Shang Redwood,3.25,July 2017[160],October 2019[754],Private Unicorn,Wikipedia,50,Developing (2-3yr)
Udemy,3.25,November 2020[755],October 2021[756],Private Unicorn,Wikipedia,50,Developing (2-3yr)
SmileDirectClub,3.2,October 2018,September 2019[757],Private Unicorn,Wikipedia,50,Developing (2-3yr)
Zoox,3.2,July 2018[758],July 2020[759],Private Unicorn,Wikipedia,50,Developing (2-3yr)
Oscar Health,3.2,March 2018[760],March 2021[761],Private Unicorn,Wikipedia,50,Developing (2-3yr)
Cloudflare,3,March 2019,September 2019[762],Private Unicorn,Wikipedia,50,Developing (2-3yr)
Delhivery,3,May 2021[763],May 2022,Private Unicorn,Wikipedia,50,Developing (2-3yr)
Pure Storage,3,August 2014[764],October 2015,Private Unicorn,Wikipedia,50,Developing (2-3yr)
Maoyan,3.0,November 2017,January 2019[765],Private Unicorn,Wikipedia,50,Developing (2-3yr)
Jia.com,3,February 2015[160],July 2018[766],Private Unicorn,Wikipedia,50,Developing (2-3yr)
Mogu,3,January 2016,December 2018[767],Private Unicorn,Wikipedia,50,Developing (2-3yr)
Paytm Mall,3,July 2019[768],May 2022[769],Private Unicorn,Wikipedia,50,Developing (2-3yr)
Luckin Coffee,2.9,April 2019[160][770],May 2019,Private Unicorn,Wikipedia,50,Developing (2-3yr)
Pivotal,2.8,May 2016[5],April 2018[771][772],Private Unicorn,Wikipedia,50,Developing (2-3yr)
Monday.com,2.7,May 2020[773],June 2021[774],Private Unicorn,Wikipedia,50,Developing (2-3yr)
Cazoo,2.6,September 2020[775],August 2021[776],Private Unicorn,Wikipedia,50,Developing (2-3yr)
Woowa Brothers,2.6,March 2018[520],December 2019[777],Private Unicorn,Wikipedia,50,Developing (2-3yr)
Ucommune,2.6,August 2018[160],November 2020,Private Unicorn,Wikipedia,50,Developing (2-3yr)
Coursera,2.5,July 2020[778],March 2021[779],Private Unicorn,Wikipedia,50,Developing (2-3yr)
Cambricon,2.5,June 2018[160],June 2020[780],Private Unicorn,Wikipedia,50,Developing (2-3yr)
The Hut Group,2.5,August 2017[781],September 2020[782],Private Unicorn,Wikipedia,50,Developing (2-3yr)
Postmates,2.4,September 2019[783],December 2020[784],Private Unicorn,Wikipedia,50,Developing (2-3yr)
Box,2.4,July 2014,January 2015[785],Private Unicorn,Wikipedia,50,Developing (2-3yr)
Mercari,2.4,March 2018[786],June 2018[787],Private Unicorn,Wikipedia,50,Developing (2-3yr)
Kingsoft,2.4,January 2018[160],May 2020[788],Private Unicorn,Wikipedia,50,Developing (2-3yr)
Sportradar,2.4,July 2018[789],September 2021[790],Private Unicorn,Wikipedia,50,Developing (2-3yr)
PolicyBazaar,2.4,March 2021[791],November 2021[792],Private Unicorn,Wikipedia,50,Developing (2-3yr)
GoPro,2.25,December 2012,June 2014[793],Private Unicorn,Wikipedia,50,Developing (2-3yr)
Babytree,2.19,May 2018,November 2018[794],Private Unicorn,Wikipedia,50,Developing (2-3yr)
"Roku, Inc.",2.1,September 2017,September 2017[795],Private Unicorn,Wikipedia,50,Developing (2-3yr)
Three Squirrels,2.09,September 2015[160],July 2019[796],Private Unicorn,Wikipedia,50,Developing (2-3yr)
AppDynamics,2.05,November 2015,January 2017[797],Private Unicorn,Wikipedia,50,Developing (2-3yr)
AvidXchange,2,January 2020[798],October 2021[799],Private Unicorn,Wikipedia,50,Developing (2-3yr)
Wayfair,2,March 2014,October 2014[800],Private Unicorn,Wikipedia,50,Developing (2-3yr)
NantHealth,2,January 2016,June 2016[801],Private Unicorn,Wikipedia,50,Developing (2-3yr)
Meitu,2,December 2014,December 2016,Private Unicorn,Wikipedia,50,Developing (2-3yr)
Nutanix,2,September 2016,September 2016,Private Unicorn,Wikipedia,50,Developing (2-3yr)
Uxin,2.0,January 2017[160],June 2018[802],Private Unicorn,Wikipedia,50,Developing (2-3yr)
Careem,2,October 2018,March 2019[803],Private Unicorn,Wikipedia,50,Developing (2-3yr)
AppLovin,2,July 2018[804],April 2021[805],Private Unicorn,Wikipedia,50,Developing (2-3yr)
ReNew Power,2,February 2017[806],August 2021[807],Private Unicorn,Wikipedia,50,Developing (2-3yr)
Deliverr,2,November 2021[808],May 2022[809],Private Unicorn,Wikipedia,50,Developing (2-3yr)
Auth0,1.92,July 2020[810],March 2021[811],Private Unicorn,Wikipedia,50,Developing (2-3yr)
Mobileye,1.9,July 2013,August 2014,Private Unicorn,Wikipedia,50,Developing (2-3yr)
WalkMe,1.9,December 2019,June 2021[812],Private Unicorn,Wikipedia,50,Developing (2-3yr)
Avito.ru,1.82,February 2014[5][813],January 2019[814],Private Unicorn,Wikipedia,50,Developing (2-3yr)
23andMe,1.75,September 2017[815],June 2021[816],Private Unicorn,Wikipedia,50,Developing (2-3yr)
IronSource,1.75,October 2019[817],June 2021[818],Private Unicorn,Wikipedia,50,Developing (2-3yr)
MedMen,1.65,February 2018[819],May 2018,Private Unicorn,Wikipedia,50,Developing (2-3yr)
Better Place,1.6,November 2012,July 2013,Private Unicorn,Wikipedia,50,Developing (2-3yr)
Loom,1.53,May 2021[820],Video messaging,Private Unicorn,Wikipedia,50,Developing (2-3yr)
Farfetch,1.5,May 2016[821],September 2018[822],Private Unicorn,Wikipedia,50,Developing (2-3yr)
Freshly,1.5,October 2020[823],October 2020,Private Unicorn,Wikipedia,50,Developing (2-3yr)
MuleSoft,1.5,May 2015,March 2015,Private Unicorn,Wikipedia,50,Developing (2-3yr)
Jet.com,1.5,November 2015[824],August 2016[825],Private Unicorn,Wikipedia,50,Developing (2-3yr)
LivingSocial,1.5,February 2013,October 2016,Private Unicorn,Wikipedia,50,Developing (2-3yr)
WhatsApp,1.5,July 2013,February 2014,Private Unicorn,Wikipedia,50,Developing (2-3yr)
Lakala,1.5,June 2015[160],April 2019,Private Unicorn,Wikipedia,50,Developing (2-3yr)
UCloud,1.5,June 2018[160],January 2020[826],Private Unicorn,Wikipedia,50,Developing (2-3yr)
One Medical,1.5,August 2018[827],January 2020[828],Private Unicorn,Wikipedia,50,Developing (2-3yr)
Quikr,1.5,October 2015[829],February 2020[830],Private Unicorn,Wikipedia,50,Developing (2-3yr)
Letgo,1.5,August 2018[831],March 2020[832],Private Unicorn,Wikipedia,50,Developing (2-3yr)
Ninebot,1.5,October 2017[160],October 2020[833],Private Unicorn,Wikipedia,50,Developing (2-3yr)
DouYu,1.5,March 2018[160],July 2019[834],Private Unicorn,Wikipedia,50,Developing (2-3yr)
Proteus Digital Health,1.5,February 2016[835],July 2020[836],Private Unicorn,Wikipedia,50,Developing (2-3yr)
Duolingo,1.5,December 2019,July 2021[837],Private Unicorn,Wikipedia,50,Developing (2-3yr)
Tuandaiwang,1.46,May 2017[160],April 2019[838],Private Unicorn,Wikipedia,50,Developing (2-3yr)
HomeAway,1.4,October 2010,November 2016,Private Unicorn,Wikipedia,50,Developing (2-3yr)
Hike Messenger,1.4,August 2016[806],January 2021[839],Private Unicorn,Wikipedia,50,Developing (2-3yr)
Jasper,1.35,April 2014,February 2016,Private Unicorn,Wikipedia,50,Developing (2-3yr)
Paidy,1.32,March 2021[842],September 2021[843],Private Unicorn,Wikipedia,50,Developing (2-3yr)
eFront,1.3,March 2019[844],May 2019[845],Private Unicorn,Wikipedia,50,Developing (2-3yr)
Sonder Corp.,1.3,July 2020[846],January 2022[847],Private Unicorn,Wikipedia,50,Developing (2-3yr)
Sunrun,1.3,July 2016,August 2015,Private Unicorn,Wikipedia,50,Developing (2-3yr)
Solstice,1.7,July 2018,December 2009,Private Unicorn,Wikipedia,50,Developing (2-3yr)
Darktrace,1.25,May 2018[849],April 2021[850],Private Unicorn,Wikipedia,50,Developing (2-3yr)
Okta,1.2,March 2017,April 2017[851],Private Unicorn,Wikipedia,50,Developing (2-3yr)
Good Technology,1.2,September 2014,September 2015,Private Unicorn,Wikipedia,50,Developing (2-3yr)
BigBasket,1.2,March 2019[852],February 2021[853],Private Unicorn,Wikipedia,50,Developing (2-3yr)
Nykaa,1.2,April 2020[854],November 2021[855],Private Unicorn,Wikipedia,50,Developing (2-3yr)
HeadSpin,1.16,February 2020,August 2020[856],Private Unicorn,Wikipedia,50,Developing (2-3yr)
Fab,1.15,August 2013,March 2015,Private Unicorn,Wikipedia,50,Developing (2-3yr)
Gilt Groupe,1.15,February 2015,January 2016,Private Unicorn,Wikipedia,50,Developing (2-3yr)
Vonage,1.11,August 2014,May 2006,Private Unicorn,Wikipedia,50,Developing (2-3yr)
ShopClues,1.1,January 2016,October 2019[857],Private Unicorn,Wikipedia,50,Developing (2-3yr)
Global Fashion Group,1.1,July 2016[858],July 2019[859],Private Unicorn,Wikipedia,50,Developing (2-3yr)
TuSimple,1.1,February 2019[860],April 2021[861],Private Unicorn,Wikipedia,50,Developing (2-3yr)
Wheels Up,1.1,August 2019[862],July 2021,Private Unicorn,Wikipedia,50,Developing (2-3yr)
Zulily,1.09,November 2012,October 2015,Private Unicorn,Wikipedia,50,Developing (2-3yr)
Coupa,1.08,June 2015,October 2016,Private Unicorn,Wikipedia,50,Developing (2-3yr)
LinkedIn,1.06,February 2016,May 2011,Private Unicorn,Wikipedia,50,Developing (2-3yr)
Twilio,1.03,July 2015,June 2016,Private Unicorn,Wikipedia,50,Developing (2-3yr)
SimpliVity,1.03,March 2015,January 2017,Private Unicorn,Wikipedia,50,Developing (2-3yr)
Coveo,1.1,November 2019,November 2021[863],Private Unicorn,Wikipedia,50,Developing (2-3yr)
Kabam,1+,December 2016,February 2017[864],Private Unicorn,Wikipedia,50,Developing (2-3yr)
Rent the Runway,1+,March 2019[865],October 2021[866],Private Unicorn,Wikipedia,50,Developing (2-3yr)
CRF Health,1,July 2018,July 2018,Private Unicorn,Wikipedia,50,Developing (2-3yr)
MySQL,1,January 2008,January 2008,Private Unicorn,Wikipedia,50,Developing (2-3yr)
Heptagon,1,February 2018,February 2018,Private Unicorn,Wikipedia,50,Developing (2-3yr)
Zoom,1,January 2017,April 2019,Private Unicorn,Wikipedia,50,Developing (2-3yr)
Shopify,1,December 2013,May 2015,Private Unicorn,Wikipedia,50,Developing (2-3yr)
Truecaller,1,July 2015[871],October 2021[872],Private Unicorn,Wikipedia,50,Developing (2-3yr)
Kik,1+,August 2015,October 2019,Private Unicorn,Wikipedia,50,Developing (2-3yr)
AirWatch,1,May 2013,January 2014,Private Unicorn,Wikipedia,50,Developing (2-3yr)
Lynda.com,1,January 2015,April 2015,Private Unicorn,Wikipedia,50,Developing (2-3yr)
New Relic,1,April 2014,December 2014,Private Unicorn,Wikipedia,50,Developing (2-3yr)
Quotient Technology,1,April 2016,March 2014,Private Unicorn,Wikipedia,50,Developing (2-3yr)
Shape Security,1,September 2019[873],December 2019[874],Private Unicorn,Wikipedia,50,Developing (2-3yr)
Futu Holdings,1+,June 2017[160],March 2019[875],Private Unicorn,Wikipedia,50,Developing (2-3yr)
Peak Games,1+,,May 2020[876],Private Unicorn,Wikipedia,50,Developing (2-3yr)
Skyscanner,1.6,February 2016[877],November 2016[878],Private Unicorn,Wikipedia,50,Developing (2-3yr)
Blue Apron,2,January 2015[5],June 2017[879],Private Unicorn,Wikipedia,50,Developing (2-3yr)
Stitch Fix,,,November 2017[880][881],Private Unicorn,Wikipedia,50,Developing (2-3yr)
Shazam,1,January 2015[882],December 2017[883],Private Unicorn,Wikipedia,50,Developing (2-3yr)
Flywire,1+,February 2020[884],May 2021[885],Private Unicorn,Wikipedia,50,Developing (2-3yr)
Mobike,3,July 2017[886],April 2018[887],Private Unicorn,Wikipedia,50,Developing (2-3yr)
Ele.me,6.0,June 2017[160][888],April 2018[889],Private Unicorn,Wikipedia,50,Developing (2-3yr)
Duo Security,1.17,October 2017[890],August 2018[891],Private Unicorn,Wikipedia,50,Developing (2-3yr)
Bloom Energy,2.83,January 2015[5],July 2018[892],Private Unicorn,Wikipedia,50,Developing (2-3yr)
Moderna Therapeutics,7.5,February 2018[893],December 2018,Private Unicorn,Wikipedia,50,Developing (2-3yr)
Vlocity,1.0,March 2019[894],February 2020[895],Private Unicorn,Wikipedia,50,Developing (2-3yr)
JFrog,1+,October 2018[896],September 2020[897],Private Unicorn,Wikipedia,50,Developing (2-3yr)
Glovo,1+,December 2019[898],January 2022[899],Private Unicorn,Wikipedia,50,Developing (2-3yr)
Innovent Biologics,1+,April 2018[160],November 2018[900],Private Unicorn,Wikipedia,50,Developing (2-3yr)
iTutorGroup,1+,August 2016[160],July 2019[901],Private Unicorn,Wikipedia,50,Developing (2-3yr)
Fangdd.com,1+,September 2015[160],November 2019[902],Private Unicorn,Wikipedia,50,Developing (2-3yr)
36KrMedia,1+,December 2017[160],November 2019[903],Private Unicorn,Wikipedia,50,Developing (2-3yr)
Fanli,1+,April 2015[160],March 2020[904],Private Unicorn,Wikipedia,50,Developing (2-3yr)
17Zuoye,1+,March 2018[160],December 2020[905],Private Unicorn,Wikipedia,50,Developing (2-3yr)
Zimi,1+,February 2015[160],March 2021[906],Private Unicorn,Wikipedia,50,Developing (2-3yr)
QingCloud,1+,June 2017[160],March 2021[907],Private Unicorn,Wikipedia,50,Developing (2-3yr)
Novogene,1+,November 2016[160],April 2021,Private Unicorn,Wikipedia,50,Developing (2-3yr)
MissFresh,1+,December 2017[160],June 2021[908],Private Unicorn,Wikipedia,50,Developing (2-3yr)
Essential Products,1+,August 2017[909],February 2020[910],Private Unicorn,Wikipedia,50,Developing (2-3yr)
Aeon Acquisition I Corp.,,USA,S-1/A,Active IPO Filing,SEC S-1,70,Near-Term (18-24mo)
"USBC, Inc.",,USA,S-1/A,Active IPO Filing,SEC S-1,70,Near-Term (18-24mo)
Celularity Inc,,USA,S-1,Active IPO Filing,SEC S-1,70,Near-Term (18-24mo)
"Edgemode, Inc.",,USA,S-1/A,Active IPO Filing,SEC S-1,70,Near-Term (18-24mo)
"QumulusAI, Inc.",,USA,S-1,Active IPO Filing,SEC S-1,70,Near-Term (18-24mo)
Aspira Women's Health Inc.,,USA,S-1,Active IPO Filing,SEC S-1,70,Near-Term (18-24mo)
"Mitesco, Inc.",,USA,S-1,Active IPO Filing,SEC S-1,70,Near-Term (18-24mo)
"FreeCast, Inc.",,USA,S-1/A,Active IPO Filing,SEC S-1,70,Near-Term (18-24mo)
Little West Holdings Inc.,,USA,S-1,Active IPO Filing,SEC S-1,70,Near-Term (18-24mo)
BW Industrial Holdings Inc.,,USA,S-1,Active IPO Filing,SEC S-1,70,Near-Term (18-24mo)
Edison Oncology Holding Corp,,USA,S-1/A,Active IPO Filing,SEC S-1,70,Near-Term (18-24mo)
Smart Powerr Corp.,,USA,S-1,Active IPO Filing,SEC S-1,70,Near-Term (18-24mo)
"First Choice Healthcare Solutions, Inc.",,USA,S-1/A,Active IPO Filing,SEC S-1,70,Near-Term (18-24mo)
"CTT PHARMACEUTICAL HOLDINGS, INC.",,USA,S-1,Active IPO Filing,SEC S-1,70,Near-Term (18-24mo)
"Encore Medical, Inc.",,USA,S-1/A,Active IPO Filing,SEC S-1,70,Near-Term (18-24mo)
AMC Robotics Corp,,USA,S-1,Active IPO Filing,SEC S-1,70,Near-Term (18-24mo)
Virtuix Holdings Inc.,,USA,S-1,Active IPO Filing,SEC S-1,70,Near-Term (18-24mo)
FG Imperii Acquisition Corp.,,USA,S-1/A,Active IPO Filing,SEC S-1,70,Near-Term (18-24mo)
"DEEP FISSION, INC.",,USA,S-1/A,Active IPO Filing,SEC S-1,70,Near-Term (18-24mo)
Grayscale Bittensor Trust,,USA,S-1,Active IPO Filing,SEC S-1,70,Near-Term (18-24mo)
Home,,USA,S-1,Active IPO Filing,SEC S-1,70,Near-Term (18-24mo)
Aeon Acquisition I Corp. (0002082526) (Filer),,USA,S-1,Active IPO Filing,SEC S-1,70,Near-Term (18-24mo)
[html],,USA,S-1,Active IPO Filing,SEC S-1,70,Near-Term (18-24mo)
"USBC, Inc. (0001074828) (Filer)",,USA,S-1,Active IPO Filing,SEC S-1,70,Near-Term (18-24mo)
Celularity Inc (0001752828) (Filer),,USA,S-1,Active IPO Filing,SEC S-1,70,Near-Term (18-24mo)
"Edgemode, Inc. (0001652958) (Filer)",,USA,S-1,Active IPO Filing,SEC S-1,70,Near-Term (18-24mo)
"QumulusAI, Inc. (0002084026) (Filer)",,USA,S-1,Active IPO Filing,SEC S-1,70,Near-Term (18-24mo)
Aspira Women's Health Inc. (0000926617) (Filer),,USA,S-1,Active IPO Filing,SEC S-1,70,Near-Term (18-24mo)
"Mitesco, Inc. (0000802257) (Filer)",,USA,S-1,Active IPO Filing,SEC S-1,70,Near-Term (18-24mo)
"FreeCast, Inc. (0001633369) (Filer)",,USA,S-1,Active IPO Filing,SEC S-1,70,Near-Term (18-24mo)
Little West Holdings Inc. (0002065821) (Filer),,USA,S-1,Active IPO Filing,SEC S-1,70,Near-Term (18-24mo)
BW Industrial Holdings Inc. (0002080841) (Filer),,USA,S-1,Active IPO Filing,SEC S-1,70,Near-Term (18-24mo)
Edison Oncology Holding Corp (0001753347) (Filer),,USA,S-1,Active IPO Filing,SEC S-1,70,Near-Term (18-24mo)
Smart Powerr Corp. (0000721693) (Filer),,USA,S-1,Active IPO Filing,SEC S-1,70,Near-Term (18-24mo)
"First Choice Healthcare Solutions, Inc. (0001416876) (Filer)",,USA,S-1,Active IPO Filing,SEC S-1,70,Near-Term (18-24mo)
"CTT PHARMACEUTICAL HOLDINGS, INC. (0001035422) (Filer)",,USA,S-1,Active IPO Filing,SEC S-1,70,Near-Term (18-24mo)
"Encore Medical, Inc. (0001838003) (Filer)",,USA,S-1,Active IPO Filing,SEC S-1,70,Near-Term (18-24mo)
AMC Robotics Corp (0001937891) (Filer),,USA,S-1,Active IPO Filing,SEC S-1,70,Near-Term (18-24mo)
Virtuix Holdings Inc. (0001606242) (Filer),,USA,S-1,Active IPO Filing,SEC S-1,70,Near-Term (18-24mo)
FG Imperii Acquisition Corp. (0002090452) (Filer),,USA,S-1,Active IPO Filing,SEC S-1,70,Near-Term (18-24mo)
"DEEP FISSION, INC. (0001918102) (Filer)",,USA,S-1,Active IPO Filing,SEC S-1,70,Near-Term (18-24mo)
Grayscale Bittensor Trust (TAO) (0002029297) (Filer),,USA,S-1,Active IPO Filing,SEC S-1,70,Near-Term (18-24mo)
Cohere,$5.5B,CAN,AI,Private Unicorn,Curated (Canadian),75,Near-Term (18-24mo)
1Password,$6.8B,CAN,Cybersecurity,Private Unicorn,Curated (Canadian),75,Near-Term (18-24mo)
Clio,$3B,CAN,Legal Tech,Private Unicorn,Curated (Canadian),65,Near-Term (18-24mo)
ApplyBoard,$4B,CAN,EdTech,Private Unicorn,Curated (Canadian),65,Near-Term (18-24mo)
Dapper Labs,$7.6B,CAN,Blockchain/NFT,Private Unicorn,Curated (Canadian),75,Near-Term (18-24mo)
Wealthsimple,$5B,CAN,Fintech,Private Unicorn,Curated (Canadian),75,Near-Term (18-24mo)
Benevity,$2B,CAN,SaaS,Private Unicorn,Curated (Canadian),65,Near-Term (18-24mo)
Clearco,$2B,CAN,Fintech,Private Unicorn,Curated (Canadian),70,Near-Term (18-24mo)
Hopper,$5B,CAN,Travel Tech,Private Unicorn,Curated (Canadian),70,Near-Term (18-24mo)
Dialogue,$1B,CAN,HealthTech,Private Unicorn,Curated (Canadian),60,Near-Term (18-24mo)
Sonder,$2B,CAN,Hospitality Tech,Private Unicorn,Curated (Canadian),65,Near-Term (18-24mo)
PointClickCare,$4B,CAN,HealthTech,Private Unicorn,Curated (Canadian),65,Near-Term (18-24mo)
Thinkific,$1B,CAN,EdTech,Private Unicorn,Curated (Canadian),60,Near-Term (18-24mo)
Trulioo,$1.5B,CAN,Identity/Fintech,Private Unicorn,Curated (Canadian),65,Near-Term (18-24mo)
D2L,$1.3B,CAN,EdTech,Private Unicorn,Curated (Canadian),60,Near-Term (18-24mo)
Borrowell,$800M,CAN,Fintech,Private,Curated (Canadian),60,Near-Term (18-24mo)
Thinking Capital,$500M,CAN,Fintech,Private,Curated (Canadian),60,Near-Term (18-24mo)
Lightspeed Commerce,$2B,CAN,Commerce,Private Unicorn,Curated (Canadian),65,Near-Term (18-24mo)
Ada,$1.2B,CAN,AI/Customer Service,Private Unicorn,Curated (Canadian),65,Near-Term (18-24mo)
Procurify,$500M,CAN,SaaS,Private,Curated (Canadian),55,Developing (2-3yr)
Tulip,$500M,CAN,Retail Tech,Private,Curated (Canadian),60,Near-Term (18-24mo)
Snapcommerce,$800M,CAN,E-commerce,Private,Curated (Canadian),55,Developing (2-3yr)
League,$700M,CAN,HealthTech,Private,Curated (Canadian),55,Developing (2-3yr)
Alida,$500M,CAN,SaaS,Private,Curated (Canadian),55,Developing (2-3yr)
Carrot,$400M,CAN,Cannabis Tech,Private,Curated (Canadian),55,Developing (2-3yr)
Certn,$600M,CAN,HR Tech,Private,Curated (Canadian),55,Developing (2-3yr)
Xero,$500M,CAN,Fintech,Private,Curated (Canadian),60,Near-Term (18-24mo)
Paper,$500M,CAN,EdTech,Private,Curated (Canadian),55,Developing (2-3yr)
Nuvei,$3B,CAN,Fintech/Payments,Private Unicorn,Curated (Canadian),70,Near-Term (18-24mo)
Properly,$300M,CAN,PropTech,Private,Curated (Canadian),55,Developing (2-3yr)
FreshBooks,$1B,CAN,Fintech/Accounting,Private Unicorn,Curated (Canadian),65,Near-Term (18-24mo)
VoPay,$200M,CAN,Fintech/Payments,Private,Curated (Canadian),60,Near-Term (18-24mo)
Axonify,$300M,CAN,EdTech/Enterprise,Private,Curated (Canadian),55,Developing (2-3yr)
Coconut Software,$200M,CAN,SaaS,Private,Curated (Canadian),55,Developing (2-3yr)
Sanctuary AI,$500M,CAN,Robotics/AI,Private,Curated (Canadian),60,Near-Term (18-24mo)
